{
  "fedprox": {
    "accuracies": [
      98.67079735667252,
      99.06022875855489,
      99.13326187082562,
      99.19804930913031,
      99.18768331900156,
      99.28121282084507,
      99.3318648180651,
      99.32244119067532,
      99.38110327117666,
      99.3631983791361,
      99.33445631559728,
      99.3419952175091,
      99.43104849634246,
      99.44706866290507,
      99.43623149140683,
      99.49018175821328,
      99.46261764809819,
      99.4871190793116,
      99.50007656697254,
      99.47887340534555
    ],
    "losses": [
      0.24720101743785017,
      0.1188621234809019,
      0.09109703423488157,
      0.07556732274708775,
      0.06693670533088861,
      0.061032360835676126,
      0.058970343961428806,
      0.06027748032793415,
      0.05345643567155734,
      0.050488043184842006,
      0.04880946911680239,
      0.04731809354854072,
      0.04993115160569522,
      0.04405794126788252,
      0.04332886443989656,
      0.045295564215050516,
      0.043587953808764894,
      0.04167082365930865,
      0.04202241981180641,
      0.040760568996732825
    ],
    "energy_stats": {
      "training_energy": [
        83.9523612826968,
        84.07999764633284,
        83.98556080939613,
        81.44436128269629,
        83.14959770549534,
        79.57905225094834,
        82.37927037360487,
        83.21974262757601,
        84.65148849625888,
        84.70781582815054,
        84.32817946451273,
        82.86908855542283,
        84.37672491906054,
        80.3552340691315,
        82.88981582815025,
        84.3684699003047,
        83.65563400996874,
        84.22836128269635,
        79.961961341857,
        82.25163400996883
      ],
      "communication_energy": [
        0.003609008787861967,
        0.003609008787861967,
        0.003609008787861967,
        0.003609008787861967,
        0.003609008787861967,
        0.003609008787861967,
        0.003609008787861967,
        0.003609008787861967,
        0.003609008787861967,
        0.003609008787861967,
        0.003609008787861967,
        0.003609008787861967,
        0.003609008787861967,
        0.003609008787861967,
        0.003609008787861967,
        0.003609008787861967,
        0.003609008787861967,
        0.003609008787861967,
        0.003609008787861967,
        0.003609008787861967
      ],
      "total_energy": [
        83.95597029148466,
        84.0836066551207,
        83.989169818184,
        81.44797029148415,
        83.1532067142832,
        79.5826612597362,
        82.38287938239273,
        83.22335163636387,
        84.65509750504674,
        84.7114248369384,
        84.33178847330059,
        82.8726975642107,
        84.3803339278484,
        80.35884307791936,
        82.89342483693811,
        84.37207890909256,
        83.6592430187566,
        84.23197029148422,
        79.96557035064487,
        82.25524301875669
      ]
    },
    "satellite_stats": {
      "training_satellites": [
        24,
        24,
        24,
        24,
        24,
        24,
        24,
        24,
        24,
        24,
        24,
        24,
        24,
        24,
        24,
        24,
        24,
        24,
        24,
        24
      ],
      "receiving_satellites": [
        24,
        24,
        24,
        24,
        24,
        24,
        24,
        24,
        24,
        24,
        24,
        24,
        24,
        24,
        24,
        24,
        24,
        24,
        24,
        24
      ],
      "total_active": [
        24,
        24,
        24,
        24,
        24,
        24,
        24,
        24,
        24,
        24,
        24,
        24,
        24,
        24,
        24,
        24,
        24,
        24,
        24,
        24
      ]
    },
    "proximal_terms": [
      2.193722575902939,
      0.6307067101200422,
      0.3979131331046422,
      0.35760339473684627,
      0.4491691372046868,
      0.2576489057391882,
      0.20541233010590076,
      0.20329944975674152,
      0.19995875967045626,
      0.18601898786922297,
      0.168512603888909,
      0.19330943003296852,
      0.16740899036327997,
      0.14807090380539498,
      0.14320188201963902,
      0.17171836675455174,
      0.15757138095796108,
      0.16225242832054695,
      0.28269774994502467,
      0.14036883941541115
    ],
    "mu": 0.1
  },
  "fedavg": {
    "accuracies": [
      99.61080418880238,
      99.50997137573181,
      99.0369052807652,
      99.67111540409692,
      99.68784234271376,
      99.71705558762207,
      99.73731638651007,
      99.75781277608283,
      99.68548643586632,
      99.740143474727,
      99.69161179366968,
      99.73378252623891,
      99.74461969773715,
      99.74509087910664,
      99.53046776530456,
      99.75050946485575,
      99.75804836676758,
      99.76181781772348,
      99.73166221007621,
      99.74721119526934
    ],
    "losses": [
      0.02711187956349281,
      0.02225498778857519,
      0.019274232472137883,
      0.018406385026163652,
      0.016852648421940678,
      0.01641140531949951,
      0.015551014447774606,
      0.014758020456174468,
      0.014404494956102076,
      0.01436475600685652,
      0.013719679870991432,
      0.013551892539054458,
      0.012932309420384919,
      0.013092616077488543,
      0.013586242878509194,
      0.01264603544263643,
      0.012707897996782564,
      0.012906899315538097,
      0.01331172038842459,
      0.012996021947543492
    ],
    "energy_stats": {
      "training_energy": [
        149.58945052406665,
        150.23738981940184,
        137.2146625466804,
        132.10920800122636,
        139.23284436486196,
        143.05648072849618,
        141.320117092133,
        139.06217779679648,
        133.19763234225127,
        146.39102618303738,
        135.12193527395385,
        136.77945052407327,
        132.5346625466801,
        137.53102618304501,
        143.90738981940478,
        141.4194505240705,
        151.88193527394895,
        133.88011709213225,
        144.6892080012198,
        136.5839959786188
      ],
      "communication_energy": [
        0.003609008787861967,
        0.003609008787861967,
        0.003609008787861967,
        0.003609008787861967,
        0.003609008787861967,
        0.003609008787861967,
        0.003609008787861967,
        0.003609008787861967,
        0.003609008787861967,
        0.003609008787861967,
        0.003609008787861967,
        0.003609008787861967,
        0.003609008787861967,
        0.003609008787861967,
        0.003609008787861967,
        0.003609008787861967,
        0.003609008787861967,
        0.003609008787861967,
        0.003609008787861967,
        0.003609008787861967
      ],
      "total_energy": [
        149.5930595328545,
        150.2409988281897,
        137.21827155546825,
        132.11281701001423,
        139.23645337364982,
        143.06008973728404,
        141.32372610092085,
        139.06578680558434,
        133.20124135103913,
        146.39463519182524,
        135.1255442827417,
        136.78305953286113,
        132.53827155546796,
        137.53463519183288,
        143.91099882819265,
        141.42305953285836,
        151.88554428273682,
        133.88372610092011,
        144.69281701000767,
        136.58760498740665
      ]
    },
    "satellite_stats": {
      "training_satellites": [
        24,
        24,
        24,
        24,
        24,
        24,
        24,
        24,
        24,
        24,
        24,
        24,
        24,
        24,
        24,
        24,
        24,
        24,
        24,
        24
      ],
      "receiving_satellites": [
        24,
        24,
        24,
        24,
        24,
        24,
        24,
        24,
        24,
        24,
        24,
        24,
        24,
        24,
        24,
        24,
        24,
        24,
        24,
        24
      ],