{
  "fedprox": {
    "accuracies": [
      93.00978879295113,
      96.43103671680822,
      96.68406111222362,
      96.42491135900487,
      97.5736515378182,
      97.52959607977101,
      97.84811468554534,
      97.7623596762984,
      98.45311156396876,
      98.23377663647179,
      98.0844121423439,
      98.40316633880296,
      98.14048272531303,
      98.42107123084354,
      98.44298116452475,
      98.65218569257772,
      98.54357838691058,
      98.44557266205695,
      98.62250126629993,
      99.10404862591733
    ],
    "losses": [
      0.2208848112787137,
      0.1061318089909833,
      0.08071157971673507,
      0.0675968409917579,
      0.06468816002713869,
      0.05666774010326664,
      0.05313194157454054,
      0.05235911905874129,
      0.04897191508973437,
      0.048602941127722364,
      0.04943826181761852,
      0.045950263356324676,
      0.04592831152126678,
      0.043521518688525385,
      0.04105016112156331,
      0.04094840351684841,
      0.03911564313625792,
      0.04023824385359612,
      0.03937797144719108,
      0.039490499003400535
    ],
    "energy_stats": {
      "training_energy": [
        92.19916083318475,
        92.19916083318475,
        93.222433560457,
        96.87697901500192,
        93.80716083318414,
        93.95334265136836,
        95.56134265136893,
        95.26897901500408,
        96.73079719682327,
        91.17588810591297,
        93.66097901500225,
        95.41516083318328,
        92.78388810591127,
        94.97661537864047,
        91.46825174227536,
        96.4384335604572,
        97.1693426513665,
        92.63770628773244,
        94.97661537863857,
        94.39188810591399
      ],
      "communication_energy": [
        0.003609008787861967,
        0.003609008787861967,
        0.003609008787861967,
        0.003609008787861967,
        0.003609008787861967,
        0.003609008787861967,
        0.003609008787861967,
        0.003609008787861967,
        0.003609008787861967,
        0.003609008787861967,
        0.003609008787861967,
        0.003609008787861967,
        0.003609008787861967,
        0.003609008787861967,
        0.003609008787861967,
        0.003609008787861967,
        0.003609008787861967,
        0.003609008787861967,
        0.003609008787861967,
        0.003609008787861967
      ],
      "total_energy": [
        92.20276984197261,
        92.20276984197261,
        93.22604256924487,
        96.88058802378978,
        93.810769841972,
        93.95695166015622,
        95.5649516601568,
        95.27258802379194,
        96.73440620561114,
        91.17949711470084,
        93.66458802379012,
        95.41876984197114,
        92.78749711469914,
        94.98022438742834,
        91.47186075106322,
        96.44204256924506,
        97.17295166015437,
        92.6413152965203,
        94.98022438742643,
        94.39549711470185
      ]
    },
    "satellite_stats": {
      "training_satellites": [
        24,
        24,
        24,
        24,
        24,
        24,
        24,
        24,
        24,
        24,
        24,
        24,
        24,
        24,
        24,
        24,
        24,
        24,
        24,
        24
      ],
      "receiving_satellites": [
        24,
        24,
        24,
        24,
        24,
        24,
        24,
        24,
        24,
        24,
        24,
        24,
        24,
        24,
        24,
        24,
        24,
        24,
        24,
        24
      ],
      "total_active": [
        24,
        24,
        24,
        24,
        24,
        24,
        24,
        24,
        24,
        24,
        24,
        24,
        24,
        24,
        24,
        24,
        24,
        24,
        24,
        24
      ]
    },
    "proximal_terms": [
      1.9170583635568619,
      0.5161818178991476,
      0.30275220796465874,
      0.2667841011037429,
      0.2128026019781828,
      0.21286929585039616,
      0.19284372000644603,
      0.18550120883931717,
      0.16741972820212445,
      0.1630860728522142,
      0.19819205347448587,
      0.20689638704061508,
      0.1880515624458591,
      0.149204071611166,
      0.22857591789215803,
      0.14726367748032013,
      0.12982523813843727,
      0.14180223240206638,
      0.13973131900032362,
      0.15334190552433333
    ],
    "mu": 0.1
  },
  "fedavg": {
    "accuracies": [
      99.31042606575336,
      99.51303405463348,
      99.50714428751488,
      99.58159094389408,
      99.65415287479533,
      99.3318648180651,
      99.70386250927638,
      99.61103977948711,
      99.66899508793422,
      99.5120916918945,
      99.72930630322877,
      99.73166221007621,
      99.73684520514058,
      99.73967229335751,
      99.73684520514058,
      99.77171262648275,
      99.74438410705241,
      99.71799795036104,
      99.76016868293027,
      99.7655872686794
    ],
    "losses": [
      0.030450116342512698,
      0.024232200813467695,
      0.02127463820433501,
      0.018654165651244232,
      0.01836172075401212,
      0.017433876047616762,
      0.01586833050431451,
      0.0158942034558318,
      0.015361829673035836,
      0.014587775428190392,
      0.014558015798976911,
      0.01373207485183151,
      0.013799889618240073,
      0.014033520204778487,
      0.013774422587443559,
      0.013205719483280828,
      0.01330832204865734,
      0.013025038439442554,
      0.01277681253443492,
      0.01187237454435746
    ],
    "energy_stats": {
      "training_energy": [
        96.43843356045653,
        95.85370628772954,
        91.02970628772998,
        92.345342651367,
        102.43188810591205,
        92.19916083318554,
        90.15261537863992,
        93.22243356045894,
        91.3220699240942,
        98.77734265136613,
        96.43843356045653,
        91.02970628772998,
        92.34534265136702,
        102.43188810591207,
        90.59116083318553,
        89.8602517422762,
        93.22243356045895,
        91.17588810591214,
        98.77734265136611,
        97.16934265136652
      ],
      "communication_energy": [
        0.003609008787861967,
        0.003609008787861967,
        0.003609008787861967,
        0.003609008787861967,
        0.003609008787861967,
        0.003609008787861967,
        0.003609008787861967,
        0.003609008787861967,
        0.003609008787861967,
        0.003609008787861967,
        0.003609008787861967,
        0.003609008787861967,
        0.003609008787861967,
        0.003609008787861967,
        0.003609008787861967,
        0.003609008787861967,
        0.003609008787861967,
        0.003609008787861967,
        0.003609008787861967,
        0.003609008787861967
      ],
      "total_energy": [
        96.44204256924439,
        95.8573152965174,
        91.03331529651784,
        92.34895166015487,
        102.43549711469991,
        92.2027698419734,
        90.15622438742778,
        93.2260425692468,
        91.32567893288206,
        98.78095166015399,
        96.44204256924439,
        91.03331529651784,
        92.34895166015488,
        102.43549711469993,
        90.59476984197339,
        89.86386075106407,
        93.22604256924681,
        91.1794971147,
        98.78095166015397,
        97.17295166015438
      ]
    },
    "satellite_stats": {
      "training_satellites": [
        24,
        24,
        24,
        24,
        24,
        24,
        24,
        24,
        24,
        24,
        24,
        24,
        24,
        24,
        24,
        24,
        24,
        24,
        24,
        24
      ],
      "receiving_satellites": [
        24,
        24,
        24,
        24,
        24,
        24,
        24,
        24,
        24,
        24,
        24,
        24,
        24,
        24,
        24,
        24,
        24,
        24,
        24,
        24
      ],