{
  "fedprox": {
    "accuracies": [
      97.28316822352843,
      98.87599684308482,
      73.6564852225743,
      94.15923574381868,
      96.29887034266665,
      97.78851024230502,
      96.70008127878624,
      98.96080948959278,
      96.95946662268975,
      98.88589165184409,
      81.77376226544003,
      97.59721060629262,
      94.74326505129987,
      94.405899190746,
      87.24394237451851,
      97.50556582992708,
      86.99068238841836,
      90.39072715064846,
      99.09886563085296,
      95.45946073292262
    ],
    "losses": [
      0.2133641916512747,
      0.13731825517405452,
      0.11945802087938344,
      0.13696411392983432,
      0.10773724707670627,
      6.10551734723953,
      0.11908631466122487,
      0.3674926240424088,
      0.09466881879449435,
      0.07926353535101582,
      0.08600303458293357,
      0.09452933970227656,
      0.08229032979568492,
      0.09049861810488906,
      0.07406189800734865,
      0.07755198952299602,
      0.0750761340019367,
      0.09015165272425923,
      0.08731422371404646,
      0.06952435481725634
    ],
    "energy_stats": {
      "training_energy": [
        53.609379120913495,
        60.79123096847525,
        54.83134978623893,
        55.40853072287804,
        62.76938052923209,
        55.90763151272927,
        68.44952864629558,
        54.44236082076983,
        56.764518522784606,
        60.79123096847525,
        57.24985369422338,
        52.087497915094865,
        62.76938052923209,
        54.912639340490045,
        63.40450455960366,
        52.25210871297622,
        69.96315280983734,
        65.5204722903888,
        51.363132527441174,
        72.80628640157427
      ],
      "communication_energy": [
        0.003609008787861967,
        0.003609008787861967,
        0.003609008787861967,
        0.003609008787861967,
        0.003609008787861967,
        0.003609008787861967,
        0.003609008787861967,
        0.003609008787861967,
        0.003609008787861967,
        0.003609008787861967,
        0.003609008787861967,
        0.003609008787861967,
        0.003609008787861967,
        0.003609008787861967,
        0.003609008787861967,
        0.003609008787861967,
        0.003609008787861967,
        0.003609008787861967,
        0.003609008787861967,
        0.003609008787861967
      ],
      "total_energy": [
        53.61298812970136,
        60.79483997726311,
        54.83495879502679,
        55.4121397316659,
        62.77298953801995,
        55.91124052151713,
        68.45313765508344,
        54.44596982955769,
        56.76812753157247,
        60.79483997726311,
        57.253462703011245,
        52.09110692388273,
        62.77298953801995,
        54.91624834927791,
        63.40811356839152,
        52.25571772176408,
        69.9667618186252,
        65.52408129917666,
        51.366741536229036,
        72.80989541036213
      ]
    },
    "satellite_stats": {
      "training_satellites": [
        24,
        24,
        24,
        24,
        24,
        24,
        24,
        24,
        24,
        24,
        24,
        24,
        24,
        24,
        24,
        24,
        24,
        24,
        24,
        24
      ],
      "receiving_satellites": [
        24,
        24,
        24,
        24,
        24,
        24,
        24,
        24,
        24,
        24,
        24,
        24,
        24,
        24,
        24,
        24,
        24,
        24,
        24,
        24
      ],
      "total_active": [
        24,
        24,
        24,
        24,
        24,
        24,
        24,
        24,
        24,
        24,
        24,
        24,
        24,
        24,
        24,
        24,
        24,
        24,
        24,
        24
      ]
    },
    "proximal_terms": [
      1.950304239988327,
      0.9724870398640633,
      0.8854611540834109,
      1.2397612445056438,
      0.972709791113933,
      1.033658831069867,
      1.1756549042960007,
      0.8135115262120962,
      0.8114624035855135,
      0.5910166210184494,
      0.832426130771637,
      0.9367295522242785,
      0.7311354776223501,
      0.8381265494972467,
      0.5488015078008175,
      0.7172160142411789,
      0.6873742161939541,
      0.8683086906870207,
      0.9161348342895508,
      0.5805708722521862
    ],
    "mu": 0.1
  },
  "fedavg": {
    "accuracies": [
      98.54004452663942,
      99.46874300590154,
      99.34694262188873,
      99.24139799512328,
      97.06100620781454,
      99.20040521597777,
      99.45107370454572,
      99.14244990753066,
      76.90598753725277,
      35.52519053396629,
      40.52136218533919,
      97.90936826357886,
      97.13922231514965,
      97.1479391704852,
      99.24940807840458,
      99.51303405463348,
      99.47439718233541,
      83.53998562896822,
      90.0486494763997,
      31.976016868293026
    ],
    "losses": [
      0.050508041833044054,
      0.024192269071344377,
      0.024567022331621183,
      0.035826391282130575,
      0.019432089988150013,
      0.05225673272122595,
      0.014714115969814326,
      0.020519706372835605,
      0.018310687303599055,
      0.11425358217225613,
      0.15871925043365567,
      0.015482927689025934,
      0.028478855622131108,
      0.014766035474962858,
      0.012943703738102866,
      0.01901964949083362,
      0.013554616825927243,
      0.01690944805884326,
      0.015224555789839021,
      0.12736883865415655
    ],
    "energy_stats": {
      "training_energy": [
        75.32355157920834,
        80.52443073202691,
        69.78615829467289,
        52.71180521323488,
        71.94471651736252,
        63.23465646327482,
        63.536958803350444,
        65.65120278167711,
        62.929496152009236,
        40.19629434134776,
        64.16372414363329,
        65.95906568145207,
        55.48924377198652,
        67.68208714121131,
        53.213321007815345,
        54.7028609657288,
        65.20362566722494,
        55.85269773760514,
        39.65118310269474,
        64.19386384721051
      ],
      "communication_energy": [
        0.003609008787861967,
        0.003609008787861967,
        0.003609008787861967,
        0.003609008787861967,
        0.003609008787861967,
        0.003609008787861967,
        0.003609008787861967,
        0.003609008787861967,
        0.003609008787861967,
        0.003609008787861967,
        0.003609008787861967,
        0.003609008787861967,
        0.003609008787861967,
        0.003609008787861967,
        0.003609008787861967,
        0.003609008787861967,
        0.003609008787861967,
        0.003609008787861967,
        0.003609008787861967,
        0.003609008787861967
      ],
      "total_energy": [
        75.3271605879962,
        80.52803974081478,
        69.78976730346075,
        52.715414222022744,
        71.94832552615038,
        63.23826547206268,
        63.540567812138306,
        65.65481179046498,
        62.9331051607971,
        40.19990335013562,
        64.16733315242115,
        65.96267469023994,
        55.492852780774385,
        67.68569614999917,
        53.21693001660321,
        54.706469974516665,
        65.2072346760128,
        55.856306746393,
        39.6547921114826,
        64.19747285599837
      ]
    },
    "satellite_stats": {
      "training_satellites": [
        24,
        24,
        24,
        24,
        24,
        24,
        24,
        24,
        24,
        24,
        24,
        24,
        24,
        24,
        24,
        24,
        24,
        24,
        24,
        24
      ],
      "receiving_satellites": [
        24,
        24,
        24,
        24,
        24,
        24,
        24,
        24,
        24,
        24,
        24,
        24,
        24,
        24,
        24,
        24,
        24,
        24,
        24,
        24
      ],