{
  "satfl": {
    "accuracies": [
      99.35613065859376,
      99.59313488744655,
      99.65862909780547,
      99.71328613666616,
      99.625881992626,
      99.6678171345105,
      99.68360171038837,
      99.75993309224553,
      99.62729553673448,
      99.73284016349993,
      99.72718598706606,
      99.73543166103212,
      99.75781277608283,
      99.74344174431343,
      99.46073292262024,
      99.72671480569659,
      99.75215859964896,
      99.73708079582534,
      99.75616364128962,
      99.75050946485575
    ],
    "losses": [
      0.02733535716285467,
      0.021690002037389956,
      0.019243052519667635,
      0.018539306858564295,
      0.01795848342450408,
      0.016845923478515466,
      0.0155960710685568,
      0.01569539119905251,
      0.015491055911690683,
      0.014484476059642709,
      0.014511810199787367,
      0.014223965514867903,
      0.014368115196371413,
      0.01438499853151864,
      0.01343624909908108,
      0.013764563860505898,
      0.013620604864111768,
      0.01329642226007611,
      0.01331586363830193,
      0.01321939673441016
    ],
    "energy_stats": {
      "training_energy": [
        146.39102618303738,
        126.90011709213564,
        149.9803596149762,
        153.2908853080002,
        140.22354868108854,
        153.61989053240097,
        152.62776941888498,
        154.0048603279798,
        147.7791632596766,
        148.43316325967558,
        154.118435986949,
        152.99389053240327,
        153.79758760070254,
        140.66498144150063,
        153.619890532401,
        152.75335408296965,
        142.5788086284283,
        147.90038428739766,
        149.86402065103354,
        154.24492974194274
      ],
      "communication_energy": [
        0.003609008787861967,
        0.003609008787861967,
        0.003609008787861967,
        0.003609008787861967,
        0.003609008787861967,
        0.003609008787861967,
        0.003609008787861967,
        0.003609008787861967,
        0.003609008787861967,
        0.003609008787861967,
        0.003609008787861967,
        0.003609008787861967,
        0.003609008787861967,
        0.003609008787861967,
        0.003609008787861967,
        0.003609008787861967,
        0.003609008787861967,
        0.003609008787861967,
        0.003609008787861967,
        0.003609008787861967
      ],
      "total_energy": [
        146.39463519182524,
        126.9037261009235,
        149.98396862376407,
        153.29449431678808,
        140.2271576898764,
        153.62349954118883,
        152.63137842767284,
        154.00846933676766,
        147.78277226846447,
        148.43677226846344,
        154.12204499573687,
        152.99749954119113,
        153.8011966094904,
        140.6685904502885,
        153.62349954118886,
        152.7569630917575,
        142.58241763721617,
        147.90399329618552,
        149.8676296598214,
        154.2485387507306
      ]
    },
    "satellite_stats": {
      "training_satellites": [
        24,
        24,
        24,
        24,
        24,
        24,
        24,
        24,
        24,
        24,
        24,
        24,
        24,
        24,
        24,
        24,
        24,
        24,
        24,
        24
      ],
      "receiving_satellites": [
        24,
        24,
        24,
        24,
        24,
        24,
        24,
        24,
        24,
        24,
        24,
        24,
        24,
        24,
        24,
        24,
        24,
        24,
        24,
        24
      ],
      "total_active": [
        24,
        24,
        24,
        24,
        24,
        24,
        24,
        24,
        24,
        24,
        24,
        24,
        24,
        24,
        24,
        24,
        24,
        24,
        24,
        24
      ]
    },
    "num_synthetic_samples": 1000
  },
  "fedprox": {
    "accuracies": [
      97.70911618154618,
      98.49716702201594,
      98.1067932573946,
      98.619674178083,
      98.93772160248784,
      99.01240384955179,
      99.12266029001213,
      99.07672010648699,
      99.21618979185563,
      99.24281153923174,
      99.18886127242529,
      99.25529784552319,
      99.30830574959066,
      99.35825097475646,
      99.36531869529878,
      99.38746421966475,
      99.38934894514271,
      99.32998009258714,
      99.41314360430188,
      99.39052689856643
    ],
    "losses": [
      0.24031428918409625,
      0.11457449587408047,
      0.0826859704707001,
      0.07008894637824271,
      0.06338668296681638,
      0.062259199352353835,
      0.05951317681000275,
      0.054274152393748394,
      0.05493898563548053,
      0.05938784072843154,
      0.047037451730174824,
      0.04765278295971074,
      0.04497401992548485,
      0.04838672040375507,
      0.0434871286765412,
      0.04398298673963793,
      0.044421651988767435,
      0.04279718301667935,
      0.04177251576628882,
      0.04243079376233568
    ],
    "energy_stats": {
      "training_energy": [
        143.680602137823,
        139.76320740960008,
        138.760844660669,
        139.89357193339646,
        140.2003596149807,
        142.95411650050627,
        139.33775286414502,
        140.6851475923727,
        140.5362382056514,
        139.97593468232714,
        139.42605668327758,
        139.89357193339646,
        140.83854143316213,
        142.95411650050627,
        140.69266284248894,
        136.40805638746997,
        140.31375345577126,
        139.97593468232714,
        139.42605668327758,
        141.47878395600497
      ],
      "communication_energy": [
        0.003609008787861967,
        0.003609008787861967,
        0.003609008787861967,
        0.003609008787861967,
        0.003609008787861967,
        0.003609008787861967,
        0.003609008787861967,
        0.003609008787861967,
        0.003609008787861967,
        0.003609008787861967,
        0.003609008787861967,
        0.003609008787861967,
        0.003609008787861967,
        0.003609008787861967,
        0.003609008787861967,
        0.003609008787861967,
        0.003609008787861967,
        0.003609008787861967,
        0.003609008787861967,
        0.003609008787861967
      ],
      "total_energy": [
        143.68421114661086,
        139.76681641838795,
        138.76445366945686,
        139.89718094218432,
        140.20396862376856,
        142.95772550929414,
        139.34136187293288,
        140.68875660116055,
        140.53984721443925,
        139.979543691115,
        139.42966569206544,
        139.89718094218432,
        140.84215044195,
        142.95772550929414,
        140.6962718512768,
        136.41166539625783,
        140.31736246455912,
        139.979543691115,
        139.42966569206544,
        141.48239296479284
      ]
    },
    "satellite_stats": {
      "training_satellites": [
        24,
        24,
        24,
        24,
        24,
        24,
        24,
        24,
        24,
        24,
        24,
        24,
        24,
        24,
        24,
        24,
        24,
        24,
        24,
        24
      ],
      "receiving_satellites": [
        24,
        24,
        24,
        24,
        24,
        24,
        24,
        24,
        24,
        24,
        24,
        24,
        24,
        24,
        24,
        24,
        24,
        24,
        24,
        24
      ],
      "total_active": [
        24,
        24,
        24,
        24,
        24,
        24,
        24,
        24,
        24,
        24,
        24,
        24,
        24,
        24,
        24,
        24,
        24,
        24,
        24,
        24
      ]
    },