{
  "satfl": {
    "accuracies": [
      99.18909686311004,
      99.52434240750121,
      99.22584900993014,
      99.5726384978738,
      99.66334091150036,
      99.647085154253,
      99.58606716690421,
      99.7761888494929,
      99.48664789794212,
      99.48099372150826,
      99.54436761570447,
      99.4977206601251,
      99.42186045963743,
      99.73825874924906,
      99.72223858268644,
      99.65839350712073,
      99.71045904844922,
      99.7448552884219,
      99.76158222703874,
      99.71328613666616
    ],
    "losses": [
      0.029953265742989895,
      0.022747866289103986,
      0.02073365008196586,
      0.022302807613865813,
      0.020562167649280153,
      0.01997396045670594,
      0.01921601294268391,
      0.017863045648978396,
      0.017565302290342224,
      0.01698338779587492,
      0.01532505287865635,
      0.015715962933581316,
      0.014873832013375998,
      0.015325990992025964,
      0.01507231030763021,
      0.015161394861580031,
      0.014837110647455382,
      0.014018794093917009,
      0.014222251465748922,
      0.013788616105893423
    ],
    "energy_stats": {
      "training_energy": [
        98.19261537863976,
        99.65443356045611,
        102.43188810591205,
        89.35734786987436,
        96.70734786987266,
        96.12114107166717,
        106.67205016257549,
        106.37059561711877,
        102.30095925348343,
        101.24586834439324,
        103.0010376725608,
        105.87176494528957,
        88.94958312710992,
        89.55394676347319,
        96.35303767256379,
        107.18675245527788,
        106.8838433643666,
        103.09747972800481,
        101.28002518255003,
        102.94602518254864
      ],
      "communication_energy": [
        0.003609008787861967,
        0.003609008787861967,
        0.003609008787861967,
        0.003609008787861967,
        0.003609008787861967,
        0.003609008787861967,
        0.003609008787861967,
        0.003609008787861967,
        0.003609008787861967,
        0.003609008787861967,
        0.003609008787861967,
        0.003609008787861967,
        0.003609008787861967,
        0.003609008787861967,
        0.003609008787861967,
        0.003609008787861967,
        0.003609008787861967,
        0.003609008787861967,
        0.003609008787861967,
        0.003609008787861967
      ],
      "total_energy": [
        98.19622438742762,
        99.65804256924397,
        102.43549711469991,
        89.36095687866222,
        96.71095687866053,
        96.12475008045503,
        106.67565917136335,
        106.37420462590663,
        102.30456826227129,
        101.2494773531811,
        103.00464668134866,
        105.87537395407743,
        88.95319213589778,
        89.55755577226105,
        96.35664668135165,
        107.19036146406575,
        106.88745237315446,
        103.10108873679268,
        101.2836341913379,
        102.9496341913365
      ]
    },
    "satellite_stats": {
      "training_satellites": [
        24,
        24,
        24,
        24,
        24,
        24,
        24,
        24,
        24,
        24,
        24,
        24,
        24,
        24,
        24,
        24,
        24,
        24,
        24,
        24
      ],
      "receiving_satellites": [
        24,
        24,
        24,
        24,
        24,
        24,
        24,
        24,
        24,
        24,
        24,
        24,
        24,
        24,
        24,
        24,
        24,
        24,
        24,
        24
      ],
      "total_active": [
        24,
        24,
        24,
        24,
        24,
        24,
        24,
        24,
        24,
        24,
        24,
        24,
        24,
        24,
        24,
        24,
        24,
        24,
        24,
        24
      ]
    },
    "num_synthetic_samples": 1000
  },
  "fedprox": {
    "accuracies": [
      96.46001437103178,
      97.92091220713132,
      98.21210229347531,
      98.46724700505342,
      98.51624986748024,
      98.54876138197496,
      98.62721307999482,
      98.49575347790748,
      98.66420081749968,
      98.67456680762842,
      98.55417996772408,
      98.52402436007681,
      98.74807110126865,
      98.7770487554922,
      98.63781466080832,
      98.62697748931008,
      98.733935660184,
      98.56407477648334,
      98.50423474255828,
      98.57279163181887
    ],
    "losses": [
      0.23865766823137335,
      0.10680068432968141,
      0.08181475992223779,
      0.06841690056481604,
      0.06402382085397708,
      0.056573185659956594,
      0.06384544345225125,
      0.051750400145426166,
      0.05093287525177376,
      0.0494175932120258,
      0.04862396729959751,
      0.04805329423222577,
      0.04496107321235165,
      0.04405334352721827,
      0.04347525485293171,
      0.04387497386269509,
      0.04082527818484734,
      0.04260836070749807,
      0.0425193558968229,
      0.04080614063164909
    ],
    "energy_stats": {
      "training_energy": [
        93.2224335604573,
        96.58461537863938,
        93.95334265136839,
        94.39188810591459,
        94.83043356045847,
        96.43843356045886,
        92.05297901500313,
        95.56134265136562,
        92.05297901500255,
        92.9300699240937,
        96.73079719681988,
        92.19916083318596,
        96.29225174227676,
        97.90025174227692,
        91.46825174227541,
        96.4384335604588,
        94.3918881059146,
        95.26897901500418,
        97.31552446954875,
        90.5911608331853
      ],
      "communication_energy": [
        0.003609008787861967,
        0.003609008787861967,
        0.003609008787861967,
        0.003609008787861967,
        0.003609008787861967,
        0.003609008787861967,
        0.003609008787861967,
        0.003609008787861967,
        0.003609008787861967,
        0.003609008787861967,
        0.003609008787861967,
        0.003609008787861967,
        0.003609008787861967,
        0.003609008787861967,
        0.003609008787861967,
        0.003609008787861967,
        0.003609008787861967,
        0.003609008787861967,
        0.003609008787861967,
        0.003609008787861967
      ],
      "total_energy": [
        93.22604256924517,
        96.58822438742725,
        93.95695166015625,
        94.39549711470245,
        94.83404256924634,
        96.44204256924672,
        92.056588023791,
        95.56495166015348,
        92.05658802379041,
        92.93367893288156,
        96.73440620560774,
        92.20276984197382,
        96.29586075106462,
        97.90386075106478,
        91.47186075106328,
        96.44204256924667,
        94.39549711470247,
        95.27258802379204,
        97.31913347833661,
        90.59476984197316
      ]
    },
    "satellite_stats": {
      "training_satellites": [
        24,
        24,
        24,
        24,
        24,
        24,
        24,
        24,
        24,
        24,
        24,
        24,
        24,
        24,
        24,
        24,
        24,
        24,
        24,
        24
      ],
      "receiving_satellites": [
        24,
        24,
        24,
        24,
        24,
        24,
        24,
        24,
        24,
        24,
        24,
        24,
        24,
        24,
        24,
        24,
        24,
        24,
        24,
        24
      ],
      "total_active": [
        24,
        24,
        24,
        24,
        24,
        24,
        24,
        24,
        24,
        24,
        24,
        24,
        24,
        24,
        24,
        24,
        24,
        24,
        24,
        24
      ]
    },