{
  "satfl": {
    "accuracies": [
      99.4833496283557,
      99.56580636801621,
      99.22255074034372,
      99.50997137573181,
      99.6678171345105,
      99.65485964684956,
      99.6508546052089,
      99.57829267430766,
      99.73166221007621,
      99.73967229335751,
      99.21477624774717,
      99.65839350712073,
      99.72341653611016,
      99.70951668571024,
      99.73920111198804,
      99.72176740131695,
      99.74791796732357,
      99.74556206047613,
      99.74886033006256,
      99.74980269280152
    ],
    "losses": [
      0.027366123915773113,
      0.022199269838533358,
      0.01951896885236186,
      0.01755062159069315,
      0.016847383261843603,
      0.016301599284036867,
      0.015117582015646341,
      0.015791330720178163,
      0.014798651977815295,
      0.013881983294829722,
      0.0137440572519274,
      0.013472173137885846,
      0.013000141916741462,
      0.013249993310698533,
      0.012761322557315392,
      0.012741996005762792,
      0.012800166165847544,
      0.012833972435332979,
      0.012299178884619351,
      0.01199915441408575
    ],
    "energy_stats": {
      "training_energy": [
        152.9510261830418,
        152.62920800121924,
        151.03102618303652,
        150.25086759358706,
        139.31931342385352,
        148.09357859559108,
        149.84015977477583,
        138.32248449152507,
        148.44618155982417,
        158.35276593398967,
        153.06124167875197,
        153.8717871332977,
        152.87893874705435,
        141.31675692887944,
        148.02160531511873,
        148.67669622420857,
        147.28015076966426,
        149.0097871333046,
        158.74021147433115,
        157.19439329251244
      ],
      "communication_energy": [
        0.003609008787861967,
        0.003609008787861967,
        0.003609008787861967,
        0.003609008787861967,
        0.003609008787861967,
        0.003609008787861967,
        0.003609008787861967,
        0.003609008787861967,
        0.003609008787861967,
        0.003609008787861967,
        0.003609008787861967,
        0.003609008787861967,
        0.003609008787861967,
        0.003609008787861967,
        0.003609008787861967,
        0.003609008787861967,
        0.003609008787861967,
        0.003609008787861967,
        0.003609008787861967,
        0.003609008787861967
      ],
      "total_energy": [
        152.95463519182965,
        152.6328170100071,
        151.03463519182438,
        150.25447660237492,
        139.32292243264138,
        148.09718760437895,
        149.8437687835637,
        138.32609350031294,
        148.44979056861203,
        158.35637494277753,
        153.06485068753983,
        153.87539614208555,
        152.8825477558422,
        141.3203659376673,
        148.0252143239066,
        148.68030523299643,
        147.28375977845212,
        149.01339614209246,
        158.743820483119,
        157.1980023013003
      ]
    },
    "satellite_stats": {
      "training_satellites": [
        24,
        24,
        24,
        24,
        24,
        24,
        24,
        24,
        24,
        24,
        24,
        24,
        24,
        24,
        24,
        24,
        24,
        24,
        24,
        24
      ],
      "receiving_satellites": [
        24,
        24,
        24,
        24,
        24,
        24,
        24,
        24,
        24,
        24,
        24,
        24,
        24,
        24,
        24,
        24,
        24,
        24,
        24,
        24
      ],
      "total_active": [
        24,
        24,
        24,
        24,
        24,
        24,
        24,
        24,
        24,
        24,
        24,
        24,
        24,
        24,
        24,
        24,
        24,
        24,
        24,
        24
      ]
    },
    "num_synthetic_samples": 1000
  },
  "fedprox": {
    "accuracies": [
      96.3921642538254,
      98.6877598859741,
      99.00180226873829,
      98.67244649146572,
      99.09462499852756,
      98.93560128632514,
      98.48562307846348,
      98.51224482583959,
      98.14590131106216,
      98.07875796591003,
      98.49386875242953,
      98.46465550752123,
      97.96520325586326,
      98.35510583911513,
      99.02394779310426,
      99.11064516509018,
      98.68587516049615,
      98.82722957134276,
      98.45405392670774,
      98.55889178141896
    ],
    "losses": [
      0.09197038925471857,
      0.0463135622918957,
      0.036349125684518965,
      0.03578199646163959,
      0.03136314932322033,
      0.032438103981711645,
      0.026707220217252137,
      0.028140322749491093,
      0.02376850975643116,
      0.025125884244123237,
      0.025713055627861806,
      0.02256156359800601,
      0.025390040051393063,
      0.02213989001064136,
      0.0222473888720475,
      0.022050669236171657,
      0.022228523094578265,
      0.023213851353606374,
      0.021115263550719923,
      0.020287219413944773
    ],
    "energy_stats": {
      "training_energy": [
        143.8803596149751,
        143.12878395600376,
        144.04672325134263,
        141.67775286414195,
        146.28945052406715,
        132.64151122873668,
        134.48151122873645,
        142.38920800122045,
        138.7262992061244,
        139.64629920612532,
        144.04672325134263,
        139.85902647885462,
        146.28945052406715,
        143.1958141604325,
        134.48151122873645,
        141.8006021378259,
        132.03787486510066,
        139.64629920612532,
        144.6849050695239,
        139.85902647885462
      ],
      "communication_energy": [
        0.003609008787861967,
        0.003609008787861967,
        0.003609008787861967,
        0.003609008787861967,
        0.003609008787861967,
        0.003609008787861967,
        0.003609008787861967,
        0.003609008787861967,
        0.003609008787861967,
        0.003609008787861967,
        0.003609008787861967,
        0.003609008787861967,
        0.003609008787861967,
        0.003609008787861967,
        0.003609008787861967,
        0.003609008787861967,
        0.003609008787861967,
        0.003609008787861967,
        0.003609008787861967,
        0.003609008787861967
      ],
      "total_energy": [
        143.88396862376297,
        143.13239296479162,
        144.0503322601305,
        141.6813618729298,
        146.293059532855,
        132.64512023752454,
        134.4851202375243,
        142.39281701000832,
        138.72990821491226,
        139.64990821491318,
        144.0503322601305,
        139.86263548764248,
        146.293059532855,
        143.19942316922035,
        134.4851202375243,
        141.80421114661377,
        132.04148387388852,
        139.64990821491318,
        144.68851407831175,
        139.86263548764248
      ]
    },
    "satellite_stats": {
      "training_satellites": [
        24,
        24,
        24,
        24,
        24,
        24,
        24,
        24,
        24,
        24,
        24,
        24,
        24,
        24,
        24,
        24,
        24,
        24,
        24,
        24
      ],
      "receiving_satellites": [
        24,
        24,
        24,
        24,
        24,
        24,
        24,
        24,
        24,
        24,
        24,
        24,
        24,
        24,
        24,
        24,
        24,
        24,
        24,
        24
      ],
      "total_active": [
        24,
        24,
        24,
        24,
        24,
        24,
        24,
        24,
        24,
        24,
        24,
        24,
        24,
        24,
        24,
        24,
        24,
        24,
        24,
        24
      ]
    },