{
  "fedprox": {
    "accuracies": [
      97.85659595019612,
      98.74241692483479,
      99.13396864287986,
      99.23150318636401,
      99.27532305372645,
      99.28003486742134,
      99.33492749696677,
      99.41220124156291,
      99.39476753089183,
      99.42303841306115,
      99.40560470239006,
      99.42539431990859,
      99.44565511879661,
      99.41950455278999,
      99.41761982731202,
      99.46308882946768,
      99.48829703273533,
      99.55544037788746,
      99.54059816474856,
      99.56250809842979
    ],
    "losses": [
      0.2322402311763904,
      0.11098696173718557,
      0.08293018022339381,
      0.07122605778425577,
      0.06252355586089099,
      0.059064652042631005,
      0.05702720528505558,
      0.054992978634310026,
      0.053312973123155555,
      0.049978304892982266,
      0.04893239077055523,
      0.04667466615694386,
      0.044976211845912245,
      0.04578386968406958,
      0.05038706410232105,
      0.0427218110363683,
      0.04161890230285313,
      0.041593949233329854,
      0.04063283243867863,
      0.04002182019873874
    ],
    "energy_stats": {
      "training_energy": [
        95.56134265136826,
        94.0995244695499,
        96.58461537863977,
        94.97661537863792,
        96.8769790150037,
        92.63770628773014,
        90.88352446954829,
        96.4384335604572,
        96.14606992409333,
        94.97661537864097,
        97.02316083318448,
        96.73079719682258,
        94.6842517422769,
        91.9067971968214,
        95.99988810591242,
        93.3686153786404,
        95.26897901500142,
        97.31552446954957,
        97.0231608331844,
        92.19916083318573
      ],
      "communication_energy": [
        0.003609008787861967,
        0.003609008787861967,
        0.003609008787861967,
        0.003609008787861967,
        0.003609008787861967,
        0.003609008787861967,
        0.003609008787861967,
        0.003609008787861967,
        0.003609008787861967,
        0.003609008787861967,
        0.003609008787861967,
        0.003609008787861967,
        0.003609008787861967,
        0.003609008787861967,
        0.003609008787861967,
        0.003609008787861967,
        0.003609008787861967,
        0.003609008787861967,
        0.003609008787861967,
        0.003609008787861967
      ],
      "total_energy": [
        95.56495166015613,
        94.10313347833777,
        96.58822438742763,
        94.98022438742578,
        96.88058802379156,
        92.641315296518,
        90.88713347833615,
        96.44204256924506,
        96.14967893288119,
        94.98022438742883,
        97.02676984197234,
        96.73440620561044,
        94.68786075106476,
        91.91040620560926,
        96.00349711470028,
        93.37222438742826,
        95.27258802378928,
        97.31913347833743,
        97.02676984197227,
        92.20276984197359
      ]
    },
    "satellite_stats": {
      "training_satellites": [
        24,
        24,
        24,
        24,
        24,
        24,
        24,
        24,
        24,
        24,
        24,
        24,
        24,
        24,
        24,
        24,
        24,
        24,
        24,
        24
      ],
      "receiving_satellites": [
        24,
        24,
        24,
        24,
        24,
        24,
        24,
        24,
        24,
        24,
        24,
        24,
        24,
        24,
        24,
        24,
        24,
        24,
        24,
        24
      ],
      "total_active": [
        24,
        24,
        24,
        24,
        24,
        24,
        24,
        24,
        24,
        24,
        24,
        24,
        24,
        24,
        24,
        24,
        24,
        24,
        24,
        24
      ]
    },
    "proximal_terms": [
      2.0584851801395416,
      0.6124300559361776,
      0.35148218894998234,
      0.28370139623681706,
      0.2238796136031548,
      0.1872892857839664,
      0.20754577219486237,
      0.2579099206874768,
      0.2300174447397391,
      0.18805733105788627,
      0.20254891272634268,
      0.14403163796911636,
      0.18998279112080732,
      0.172931012387077,
      0.15842388135691485,
      0.15280902789284787,
      0.18442004453390837,
      0.1777544937406977,
      0.18632476745794216,
      0.15203769567112127
    ],
    "mu": 0.1
  },
  "fedavg": {
    "accuracies": [
      98.62768426136431,
      99.07813365059546,
      99.28380431837725,
      99.26707737976041,
      98.36712096403708,
      98.52567349487002,
      98.82086862285465,
      99.4892393954743,
      99.05316103801256,
      98.87387652692213,
      99.06282025608708,
      99.22160837760475,
      98.98483973943671,
      98.74477283168224,
      99.06894561389042,
      99.3026515731568,
      98.99049391587057,
      99.2856890438552,
      99.46473796426089,
      99.51044255710129
    ],
    "losses": [
      0.02971397072953165,
      0.02358355716779378,
      0.02086561248429997,
      0.018782142358031554,
      0.018648950349064775,
      0.0164790489829849,
      0.016503705454906325,
      0.016090960410583936,
      0.016196131781353124,
      0.014597915640145667,
      0.014905491727493567,
      0.014785306217780058,
      0.014162038465129078,
      0.013754134166825908,
      0.013518731607153738,
      0.013297481867872366,
      0.013037198473576891,
      0.013712614604238055,
      0.012663439139279871,
      0.011960766915509603
    ],
    "energy_stats": {
      "training_energy": [
        98.92352446954915,
        96.8769790150028,
        94.24570628773137,
        87.08279719682255,
        102.13952446954747,
        98.77734265136542,
        96.73079719682204,
        101.55479719682174,
        93.3686153786421,
        93.80716083318507,
        98.92352446954914,
        93.66097901500409,
        103.747524469548,
        89.86025174227545,
        98.6311608331841,
        98.04643356045828,
        98.19261537863842,
        92.49152446955038,
        94.97661537863995,
        98.77734265136709
      ],
      "communication_energy": [
        0.003609008787861967,
        0.003609008787861967,
        0.003609008787861967,
        0.003609008787861967,
        0.003609008787861967,
        0.003609008787861967,
        0.003609008787861967,
        0.003609008787861967,
        0.003609008787861967,
        0.003609008787861967,
        0.003609008787861967,
        0.003609008787861967,
        0.003609008787861967,
        0.003609008787861967,
        0.003609008787861967,
        0.003609008787861967,
        0.003609008787861967,
        0.003609008787861967,
        0.003609008787861967,
        0.003609008787861967
      ],
      "total_energy": [
        98.92713347833701,
        96.88058802379066,
        94.24931529651923,
        87.08640620561042,
        102.14313347833533,
        98.78095166015328,
        96.7344062056099,
        101.5584062056096,
        93.37222438742997,
        93.81076984197293,
        98.927133478337,
        93.66458802379195,
        103.75113347833586,
        89.86386075106331,
        98.63476984197196,
        98.05004256924614,
        98.19622438742628,
        92.49513347833825,
        94.98022438742781,
        98.78095166015495
      ]
    },
    "satellite_stats": {
      "training_satellites": [
        24,
        24,
        24,
        24,
        24,
        24,
        24,
        24,
        24,
        24,
        24,
        24,
        24,
        24,
        24,
        24,
        24,
        24,
        24,
        24
      ],
      "receiving_satellites": [
        24,
        24,
        24,
        24,
        24,
        24,
        24,
        24,
        24,
        24,
        24,
        24,
        24,
        24,
        24,
        24,
        24,
        24,
        24,
        24
      ],