{
  "fedprox": {
    "accuracies": [
      98.02787037800525,
      98.67456680762842,
      98.70448682459096,
      98.51860577432768,
      98.28042359205116,
      98.65619073421837,
      98.37842931690481,
      98.785530020143,
      98.85078863981718,
      98.9188743477083,
      98.99921077120611,
      98.84866832365448,
      98.89248819101692,
      98.8828289729424,
      99.06211348403284,
      99.08802845935472,
      99.22325751239796,
      99.2633079288045,
      99.33681222244472,
      99.22537782856065
    ],
    "losses": [
      0.24703970674021847,
      0.11697208194605252,
      0.08017276404757039,
      0.06997269039429448,
      0.062234825285008816,
      0.05923688830434842,
      0.05394962233920961,
      0.05247436280348397,
      0.05089788574044806,
      0.04812798603734533,
      0.04716276390137944,
      0.0592020168908381,
      0.045460834157144005,
      0.04533376659976987,
      0.04645091696539078,
      0.04332492729004728,
      0.0424521746834578,
      0.04105779281060253,
      0.04478802138253556,
      0.03955978417673024
    ],
    "energy_stats": {
      "training_energy": [
        84.62374262757808,
        85.2619244457604,
        82.3747612235325,
        86.43061570982438,
        83.21054310087908,
        86.28301535485103,
        84.69036128269428,
        81.57199764633232,
        81.24090673724041,
        82.92417946451212,
        85.59541588731346,
        84.95272491905764,
        83.75217946451278,
        82.50239758717005,
        85.64483353666962,
        81.97563400996829,
        86.43061570982438,
        83.2105431008791,
        86.28301535485103,
        84.4499613418567
      ],
      "communication_energy": [
        0.003609008787861967,
        0.003609008787861967,
        0.003609008787861967,
        0.003609008787861967,
        0.003609008787861967,
        0.003609008787861967,
        0.003609008787861967,
        0.003609008787861967,
        0.003609008787861967,
        0.003609008787861967,
        0.003609008787861967,
        0.003609008787861967,
        0.003609008787861967,
        0.003609008787861967,
        0.003609008787861967,
        0.003609008787861967,
        0.003609008787861967,
        0.003609008787861967,
        0.003609008787861967,
        0.003609008787861967
      ],
      "total_energy": [
        84.62735163636594,
        85.26553345454826,
        82.37837023232036,
        86.43422471861224,
        83.21415210966694,
        86.2866243636389,
        84.69397029148215,
        81.57560665512018,
        81.24451574602827,
        82.92778847329998,
        85.59902489610133,
        84.9563339278455,
        83.75578847330064,
        82.50600659595791,
        85.64844254545748,
        81.97924301875615,
        86.43422471861224,
        83.21415210966695,
        86.2866243636389,
        84.45357035064457
      ]
    },
    "satellite_stats": {
      "training_satellites": [
        24,
        24,
        24,
        24,
        24,
        24,
        24,
        24,
        24,
        24,
        24,
        24,
        24,
        24,
        24,
        24,
        24,
        24,
        24,
        24
      ],
      "receiving_satellites": [
        24,
        24,
        24,
        24,
        24,
        24,
        24,
        24,
        24,
        24,
        24,
        24,
        24,
        24,
        24,
        24,
        24,
        24,
        24,
        24
      ],
      "total_active": [
        24,
        24,
        24,
        24,
        24,
        24,
        24,
        24,
        24,
        24,
        24,
        24,
        24,
        24,
        24,
        24,
        24,
        24,
        24,
        24
      ]
    },
    "proximal_terms": [
      2.4208537936210632,
      0.5974427411953608,
      0.3424149739245574,
      0.27209276892244816,
      0.2111555151641369,
      0.21257780181864896,
      0.2273519750063618,
      0.22815567813813686,
      0.15755099865297476,
      0.19538718865563473,
      0.17530212768663964,
      0.19807910112043223,
      0.16179468762129545,
      0.14276009084035954,
      0.1538917844494184,
      0.15386393293738365,
      0.35494857157270115,
      0.1385699330518643,
      0.1817685697848598,
      0.17595157182464996
    ],
    "mu": 0.1
  },
  "fedavg": {
    "accuracies": [
      98.60082692330346,
      99.24092681375379,
      99.60185174278209,
      99.59219252470757,
      99.29228558302805,
      99.71022345776449,
      99.40584029307482,
      99.66946626930371,
      99.74414851636766,
      99.74297056294394,
      99.71705558762207,
      99.75168741827949,
      99.76605845004889,
      99.76841435689633,
      99.76063986429976,
      99.76629404073363,
      99.74037906541176,
      99.77689562154713,
      99.75663482265911,
      99.75027387417101
    ],
    "losses": [
      0.03100642229084534,
      0.02426824963409011,
      0.02170588729457715,
      0.019593068968992804,
      0.017756369608205872,
      0.016790228786982695,
      0.016517187931873015,
      0.016800775996808924,
      0.015268231435574887,
      0.015138158140215845,
      0.015553286543890323,
      0.014608145249601233,
      0.01324984480213861,
      0.013702990875699303,
      0.01400295527593823,
      0.01269304828995945,
      0.012999662701421012,
      0.013209598052730837,
      0.012991616871090435,
      0.013015479475790891
    ],
    "energy_stats": {
      "training_energy": [
        93.5147971968228,
        93.66097901500407,
        88.69079719682264,
        97.75406992409482,
        89.27552446954859,
        96.87697901500317,
        93.51479719682077,
        88.10606992409504,
        94.9766153786399,
        103.60134265136652,
        93.5147971968228,
        88.39843356045913,
        100.2391608331831,
        88.83697901500278,
        96.73079719682094,
        94.97661537863912,
        87.66752446954933,
        88.83697901500454,
        104.7707971968208,
        93.36861537864127
      ],
      "communication_energy": [
        0.003609008787861967,
        0.003609008787861967,
        0.003609008787861967,
        0.003609008787861967,
        0.003609008787861967,
        0.003609008787861967,
        0.003609008787861967,
        0.003609008787861967,
        0.003609008787861967,
        0.003609008787861967,
        0.003609008787861967,
        0.003609008787861967,
        0.003609008787861967,
        0.003609008787861967,
        0.003609008787861967,
        0.003609008787861967,
        0.003609008787861967,
        0.003609008787861967,
        0.003609008787861967,
        0.003609008787861967
      ],
      "total_energy": [
        93.51840620561066,
        93.66458802379194,
        88.6944062056105,
        97.75767893288268,
        89.27913347833645,
        96.88058802379103,
        93.51840620560863,
        88.1096789328829,
        94.98022438742777,
        103.60495166015438,
        93.51840620561066,
        88.40204256924699,
        100.24276984197097,
        88.84058802379064,
        96.7344062056088,
        94.98022438742699,
        87.6711334783372,
        88.8405880237924,
        104.77440620560866,
        93.37222438742913
      ]
    },
    "satellite_stats": {
      "training_satellites": [
        24,
        24,
        24,
        24,
        24,
        24,
        24,
        24,
        24,
        24,
        24,
        24,
        24,
        24,
        24,
        24,
        24,
        24,
        24,
        24
      ],
      "receiving_satellites": [
        24,
        24,
        24,
        24,
        24,
        24,
        24,
        24,
        24,
        24,
        24,
        24,
        24,
        24,
        24,
        24,
        24,
        24,
        24,
        24
      ],