{
  "satfl": {
    "accuracies": [
      99.42421636648487,
      98.82039744148517,
      99.14763290259503,
      99.02229865831104,
      99.20228994145572,
      99.56297927979928,
      99.66216295807664,
      99.63507002933105,
      99.48853262342007,
      99.71045904844922,
      99.6449648380903,
      99.69208297503917,
      99.68171698491042,
      99.72058944789323,
      99.73071984733724,
      99.73354693555417,
      99.7283639404898,
      99.70551164406959,
      99.72718598706606,
      99.72294535474067
    ],
    "losses": [
      0.027602936836150834,
      0.021490756139193355,
      0.019051696602456456,
      0.018792867411352974,
      0.017331775455397155,
      0.01744530343575723,
      0.016877391715184948,
      0.015408824925292589,
      0.015265215426085393,
      0.014497241728133362,
      0.0170516897706569,
      0.01581579655443704,
      0.015498902268783437,
      0.015036856628043991,
      0.01477662534395892,
      0.015407887921769918,
      0.01535718816978167,
      0.01508980598656271,
      0.014921833868721921,
      0.014838227944701916
    ],
    "energy_stats": {
      "training_energy": [
        152.3073898194015,
        139.70035961497882,
        144.26375345577063,
        151.67703140154742,
        148.29066776517988,
        133.26871423444078,
        156.17195123707182,
        155.83700642151834,
        154.20246096697184,
        155.07155187606472,
        142.76228815390826,
        133.27386381288161,
        154.26022744924265,
        129.67368199470167,
        130.96053067675862,
        158.21823645435606,
        156.09363029514228,
        153.3679939315044,
        149.14653938605204,
        142.88005463617475
      ],
      "communication_energy": [
        0.003609008787861967,
        0.003609008787861967,
        0.003609008787861967,
        0.003609008787861967,
        0.003609008787861967,
        0.003609008787861967,
        0.003609008787861967,
        0.003609008787861967,
        0.003609008787861967,
        0.003609008787861967,
        0.003609008787861967,
        0.003609008787861967,
        0.003609008787861967,
        0.003609008787861967,
        0.003609008787861967,
        0.003609008787861967,
        0.003609008787861967,
        0.003609008787861967,
        0.003609008787861967,
        0.003609008787861967
      ],
      "total_energy": [
        152.31099882818935,
        139.70396862376668,
        144.2673624645585,
        151.6806404103353,
        148.29427677396774,
        133.27232324322864,
        156.17556024585969,
        155.8406154303062,
        154.2060699757597,
        155.07516088485258,
        142.76589716269612,
        133.27747282166948,
        154.2638364580305,
        129.67729100348953,
        130.96413968554648,
        158.22184546314392,
        156.09723930393014,
        153.37160294029226,
        149.1501483948399,
        142.8836636449626
      ]
    },
    "satellite_stats": {
      "training_satellites": [
        24,
        24,
        24,
        24,
        24,
        24,
        24,
        24,
        24,
        24,
        24,
        24,
        24,
        24,
        24,
        24,
        24,
        24,
        24,
        24
      ],
      "receiving_satellites": [
        24,
        24,
        24,
        24,
        24,
        24,
        24,
        24,
        24,
        24,
        24,
        24,
        24,
        24,
        24,
        24,
        24,
        24,
        24,
        24
      ],
      "total_active": [
        24,
        24,
        24,
        24,
        24,
        24,
        24,
        24,
        24,
        24,
        24,
        24,
        24,
        24,
        24,
        24,
        24,
        24,
        24,
        24
      ]
    },
    "num_synthetic_samples": 1000
  },
  "fedprox": {
    "accuracies": [
      94.7715359334692,
      97.30672729200288,
      97.70322641442758,
      98.0700411105745,
      98.03729400539503,
      98.23118513893961,
      98.13906918120458,
      98.23919522222091,
      98.31599778544756,
      98.31340628791537,
      98.48774339462618,
      98.58056612441544,
      98.61378441096439,
      98.63710788875407,
      98.65783986901158,
      98.64723828819808,
      98.62650630794059,
      98.76385567714652,
      98.72616116758743,
      98.8024925494446
    ],
    "losses": [
      0.42758636325952243,
      0.2268459924028453,
      0.1714947229789123,
      0.1461792152586647,
      0.13202471281960534,
      0.12079674379900503,
      0.11177912102885044,
      0.10412493301451266,
      0.09955509640973852,
      0.0943756342775059,
      0.09133587586486693,
      0.08625679670009478,
      0.08490108394428997,
      0.08312478073114658,
      0.07893957815451762,
      0.07623338724601161,
      0.07600966025757847,
      0.07321397428085855,
      0.07220959642341024,
      0.06995810262608272
    ],
    "energy_stats": {
      "training_energy": [
        141.16242031964413,
        138.14969304691374,
        142.56945052406874,
        135.19648072849813,
        144.16763234225132,
        143.21514759236814,
        135.21902647885605,
        138.1226628424919,
        145.6124203196432,
        139.39902647885603,
        142.56945052406877,
        142.76060213782648,
        144.1676323422513,
        142.3642385014593,
        135.42423850146395,
        138.1226628424919,
        145.1869657741892,
        139.39902647885603,
        145.71957104596316,
        141.90969304691762
      ],
      "communication_energy": [
        0.003609008787861967,
        0.003609008787861967,
        0.003609008787861967,
        0.003609008787861967,
        0.003609008787861967,
        0.003609008787861967,
        0.003609008787861967,
        0.003609008787861967,
        0.003609008787861967,
        0.003609008787861967,
        0.003609008787861967,
        0.003609008787861967,
        0.003609008787861967,
        0.003609008787861967,
        0.003609008787861967,
        0.003609008787861967,
        0.003609008787861967,
        0.003609008787861967,
        0.003609008787861967,
        0.003609008787861967
      ],
      "total_energy": [
        141.166029328432,
        138.1533020557016,
        142.5730595328566,
        135.200089737286,
        144.17124135103919,
        143.218756601156,
        135.2226354876439,
        138.12627185127977,
        145.61602932843107,
        139.4026354876439,
        142.57305953285663,
        142.76421114661434,
        144.17124135103916,
        142.36784751024717,
        135.4278475102518,
        138.12627185127977,
        145.19057478297705,
        139.4026354876439,
        145.72318005475103,
        141.9133020557055
      ]
    },
    "satellite_stats": {
      "training_satellites": [
        24,
        24,
        24,
        24,
        24,
        24,
        24,
        24,
        24,
        24,
        24,
        24,
        24,
        24,
        24,
        24,
        24,
        24,
        24,
        24
      ],
      "receiving_satellites": [
        24,
        24,
        24,
        24,
        24,
        24,
        24,
        24,
        24,
        24,
        24,
        24,
        24,
        24,
        24,
        24,
        24,
        24,
        24,
        24
      ],
      "total_active": [
        24,
        24,
        24,
        24,
        24,
        24,
        24,
        24,
        24,
        24,
        24,
        24,
        24,
        24,
        24,
        24,
        24,
        24,
        24,
        24
      ]
    },