{
  "fedprox": {
    "accuracies": [
      97.11071584229559,
      97.56422791042843,
      98.00030626789017,
      98.16851801679762,
      98.06203102729319,
      98.36099560623373,
      98.65854664106581,
      98.77987584370914,
      98.67715830516062,
      98.88589165184409,
      98.91769639428458,
      99.02512574652798,
      98.89884913950502,
      98.9831906046435,
      99.02394779310426,
      99.14621935848656,
      99.22278633102847,
      98.87646802445431,
      98.91534048743712,
      98.82652279928851
    ],
    "losses": [
      0.236566133870294,
      0.11750019400987476,
      0.08882905807807144,
      0.07654726974959225,
      0.06930875177252933,
      0.06324873138081614,
      0.06165622172750501,
      0.06050411418540485,
      0.052353224857175286,
      0.04976623949601228,
      0.0522788863039551,
      0.050845306612166276,
      0.04712299347639543,
      0.04725397057109021,
      0.04798949534073979,
      0.045887762130887404,
      0.046966140381692105,
      0.04250814919099733,
      0.04036904430612121,
      0.03958233556640093
    ],
    "energy_stats": {
      "training_energy": [
        138.29557163758682,
        137.4716927511046,
        142.32969304691787,
        138.69957104596253,
        138.39696577419062,
        144.1578748650979,
        139.76320740959784,
        146.35775286414537,
        143.4062992061271,
        140.92266284249058,
        140.28448102430912,
        139.33775286414473,
        138.60969304691795,
        143.91284436485978,
        139.97593468232537,
        145.5068437732365,
        141.46502559141825,
        140.28448102430914,
        138.5826628424911,
        140.23266284249073
      ],
      "communication_energy": [
        0.003609008787861967,
        0.003609008787861967,
        0.003609008787861967,
        0.003609008787861967,
        0.003609008787861967,
        0.003609008787861967,
        0.003609008787861967,
        0.003609008787861967,
        0.003609008787861967,
        0.003609008787861967,
        0.003609008787861967,
        0.003609008787861967,
        0.003609008787861967,
        0.003609008787861967,
        0.003609008787861967,
        0.003609008787861967,
        0.003609008787861967,
        0.003609008787861967,
        0.003609008787861967,
        0.003609008787861967
      ],
      "total_energy": [
        138.29918064637468,
        137.47530175989246,
        142.33330205570573,
        138.7031800547504,
        138.40057478297848,
        144.16148387388577,
        139.7668164183857,
        146.36136187293323,
        143.40990821491496,
        140.92627185127844,
        140.28809003309698,
        139.3413618729326,
        138.61330205570582,
        143.91645337364764,
        139.97954369111324,
        145.51045278202437,
        141.46863460020612,
        140.288090033097,
        138.58627185127895,
        140.2362718512786
      ]
    },
    "satellite_stats": {
      "training_satellites": [
        24,
        24,
        24,
        24,
        24,
        24,
        24,
        24,
        24,
        24,
        24,
        24,
        24,
        24,
        24,
        24,
        24,
        24,
        24,
        24
      ],
      "receiving_satellites": [
        24,
        24,
        24,
        24,
        24,
        24,
        24,
        24,
        24,
        24,
        24,
        24,
        24,
        24,
        24,
        24,
        24,
        24,
        24,
        24
      ],
      "total_active": [
        24,
        24,
        24,
        24,
        24,
        24,
        24,
        24,
        24,
        24,
        24,
        24,
        24,
        24,
        24,
        24,
        24,
        24,
        24,
        24
      ]
    },
    "proximal_terms": [
      2.082415302594503,
      0.574461410442988,
      0.39132411653796834,
      0.3043752343704303,
      0.257604689647754,
      0.2400566382954518,
      0.3024344686418772,
      0.22186949290335178,
      0.1600257403527697,
      0.18264206312596798,
      0.16322475237150988,
      0.17739290681978068,
      0.19100715902944407,
      0.15693839639425278,
      0.1739386615032951,
      0.17258191481232643,
      0.17903747130185366,
      0.42609990915904444,
      0.15506636630743742,
      0.25566853551814955
    ],
    "mu": 0.1
  },
  "fedavg": {
    "accuracies": [
      99.21524742911666,
      99.62941585289718,
      99.6284734901582,
      99.4956003439624,
      98.84584123543755,
      99.59996701730414,
      99.62918026221243,
      99.66687477177152,
      99.58936543649064,
      99.70456928133062,
      99.64779192630724,
      99.63624798275477,
      99.74155701883548,
      98.39209357661998,
      99.73519607034738,
      99.75262978101846,
      99.71234377392717,
      99.73778756787956,
      99.75050946485575,
      99.73825874924906
    ],
    "losses": [
      0.026667169440982352,
      0.021217739103835356,
      0.01983007581342683,
      0.01763402599564601,
      0.01656452303389189,
      0.016341262313424712,
      0.015224998123743365,
      0.014989477596508193,
      0.014002030859204003,
      0.014019514085650567,
      0.013454982098290711,
      0.013551867079575399,
      0.013443281498501233,
      0.013470420028053527,
      0.012973762096884577,
      0.013117771228423574,
      0.013119130017870207,
      0.012996145147316783,
      0.01193753928340536,
      0.01221180864829878
    ],
    "energy_stats": {
      "training_energy": [
        153.18854143315957,
        153.82672325134178,
        144.12011709213112,
        152.3073898194015,
        139.7003596149788,
        133.88011709213222,
        128.21854143316287,
        133.36829891031533,
        152.34738981940507,
        154.0146625466774,
        155.35787486509645,
        140.58581416043307,
        141.92375345576917,
        140.97672325134155,
        148.80763234225162,
        132.73011709213233,
        131.66648072849702,
        153.1982989103144,
        153.18854143315957,
        143.05648072849615
      ],
      "communication_energy": [
        0.003609008787861967,
        0.003609008787861967,
        0.003609008787861967,
        0.003609008787861967,
        0.003609008787861967,
        0.003609008787861967,
        0.003609008787861967,
        0.003609008787861967,
        0.003609008787861967,
        0.003609008787861967,
        0.003609008787861967,
        0.003609008787861967,
        0.003609008787861967,
        0.003609008787861967,
        0.003609008787861967,
        0.003609008787861967,
        0.003609008787861967,
        0.003609008787861967,
        0.003609008787861967,
        0.003609008787861967
      ],
      "total_energy": [
        153.19215044194743,
        153.83033226012964,
        144.123726100919,
        152.31099882818935,
        139.70396862376666,
        133.8837261009201,
        128.22215044195073,
        133.3719079191032,
        152.35099882819293,
        154.01827155546528,
        155.3614838738843,
        140.58942316922094,
        141.92736246455704,
        140.98033226012942,
        148.81124135103948,
        132.7337261009202,
        131.67008973728488,
        153.20190791910227,
        153.19215044194743,
        143.06008973728402
      ]
    },
    "satellite_stats": {
      "training_satellites": [
        24,
        24,
        24,
        24,
        24,
        24,
        24,
        24,
        24,
        24,
        24,
        24,
        24,
        24,
        24,
        24,
        24,
        24,
        24,
        24
      ],
      "receiving_satellites": [
        24,
        24,
        24,
        24,
        24,
        24,
        24,
        24,
        24,
        24,
        24,
        24,
        24,
        24,
        24,
        24,
        24,
        24,
        24,
        24
      ],