{
  "satfl": {
    "accuracies": [
      99.56651314007044,
      99.50007656697254,
      99.57923503704663,
      99.76959231032005,
      99.76959231032005,
      99.79197342537076,
      99.69797274215777,
      99.7156420435136,
      99.80469532234696,
      99.79291578810974,
      99.69820833284253,
      99.80375295960798,
      99.80563768508593,
      99.80822918261812,
      99.79150224400128,
      99.81694603795366,
      99.78514129551317,
      99.80893595467235,
      99.80587327577068,
      99.7905598812623
    ],
    "losses": [
      0.0288370868542832,
      0.023029502435344226,
      0.02002226150938562,
      0.01859039979243832,
      0.017508236861461367,
      0.017425903999593668,
      0.016929322149137702,
      0.015934221306515926,
      0.015537946079669988,
      0.01571380696559412,
      0.015106804320940609,
      0.014719377588217843,
      0.014078607519124584,
      0.013922148518105361,
      0.013936506934542596,
      0.015344473920918733,
      0.014018955974440021,
      0.014799714351751397,
      0.014057869757824719,
      0.013594558571446707
    ],
    "energy_stats": {
      "training_energy": [
        131.2928443648629,
        152.09466254667672,
        137.95648072849843,
        129.68023471485884,
        130.52841653304017,
        147.9124092674224,
        142.4933183583374,
        154.22537906299308,
        133.29083360845416,
        133.5085910856099,
        155.5524290171524,
        153.28163029514312,
        129.8005968957425,
        131.3067787139235,
        147.82057511069274,
        141.97780891834907,
        141.32489982743974,
        135.14590854263318,
        132.91256117110112,
        154.02897447169795
      ],
      "communication_energy": [
        0.003609008787861967,
        0.003609008787861967,
        0.003609008787861967,
        0.003609008787861967,
        0.003609008787861967,
        0.003609008787861967,
        0.003609008787861967,
        0.003609008787861967,
        0.003609008787861967,
        0.003609008787861967,
        0.003609008787861967,
        0.003609008787861967,
        0.003609008787861967,
        0.003609008787861967,
        0.003609008787861967,
        0.003609008787861967,
        0.003609008787861967,
        0.003609008787861967,
        0.003609008787861967,
        0.003609008787861967
      ],
      "total_energy": [
        131.29645337365076,
        152.09827155546458,
        137.9600897372863,
        129.6838437236467,
        130.53202554182803,
        147.91601827621025,
        142.49692736712527,
        154.22898807178095,
        133.29444261724203,
        133.51220009439777,
        155.55603802594027,
        153.28523930393098,
        129.80420590453036,
        131.31038772271137,
        147.8241841194806,
        141.98141792713693,
        141.3285088362276,
        135.14951755142104,
        132.91617017988898,
        154.0325834804858
      ]
    },
    "satellite_stats": {
      "training_satellites": [
        24,
        24,
        24,
        24,
        24,
        24,
        24,
        24,
        24,
        24,
        24,
        24,
        24,
        24,
        24,
        24,
        24,
        24,
        24,
        24
      ],
      "receiving_satellites": [
        24,
        24,
        24,
        24,
        24,
        24,
        24,
        24,
        24,
        24,
        24,
        24,
        24,
        24,
        24,
        24,
        24,
        24,
        24,
        24
      ],
      "total_active": [
        24,
        24,
        24,
        24,
        24,
        24,
        24,
        24,
        24,
        24,
        24,
        24,
        24,
        24,
        24,
        24,
        24,
        24,
        24,
        24
      ]
    },
    "num_synthetic_samples": 1000
  },
  "fedprox": {
    "accuracies": [
      90.35421059451309,
      94.87189756517027,
      96.09178613077638,
      96.51938322358734,
      97.02873028400457,
      96.88360642220206,
      97.37316386510078,
      97.64244401776354,
      97.56658381727587,
      97.72490075742405,
      97.70888059086144,
      97.53477907483538,
      97.59673942492314,
      97.41415664424629,
      97.64998291967535,
      97.49143038884243,
      97.67212844404132,
      98.02292297362563,
      97.79887623243377,
      97.62076967476706
    ],
    "losses": [
      0.5097135593900067,
      0.28594943579846915,
      0.2079109439082569,
      0.17302262105601274,
      0.15187310384462735,
      0.13588290153295643,
      0.13084654269194362,
      0.11864592226439363,
      0.11376706201878255,
      0.10606813278810541,
      0.10337643942170673,
      0.10119905564601091,
      0.09562207591254668,
      0.09060749973964415,
      0.08723484127034924,
      0.08450940455760177,
      0.08500146905096956,
      0.07940713138123112,
      0.07881407810163805,
      0.08245437375125723
    ],
    "energy_stats": {
      "training_energy": [
        133.7472082970386,
        135.23854143316314,
        136.36902647885623,
        143.40629920612713,
        132.2333294105562,
        140.57605668327722,
        138.91229831868904,
        142.72060213782484,
        138.69957104596412,
        136.77193527395306,
        137.50399597861727,
        143.40629920612713,
        132.8715112287371,
        137.8926628424882,
        139.30514759236988,
        142.93332941055235,
        139.33775286414502,
        136.77193527395306,
        137.71672325134475,
        141.25229831869132
      ],
      "communication_energy": [
        0.003609008787861967,
        0.003609008787861967,
        0.003609008787861967,
        0.003609008787861967,
        0.003609008787861967,
        0.003609008787861967,
        0.003609008787861967,
        0.003609008787861967,
        0.003609008787861967,
        0.003609008787861967,
        0.003609008787861967,
        0.003609008787861967,
        0.003609008787861967,
        0.003609008787861967,
        0.003609008787861967,
        0.003609008787861967,
        0.003609008787861967,
        0.003609008787861967,
        0.003609008787861967,
        0.003609008787861967
      ],
      "total_energy": [
        133.75081730582647,
        135.242150441951,
        136.3726354876441,
        143.409908214915,
        132.23693841934406,
        140.57966569206508,
        138.9159073274769,
        142.7242111466127,
        138.70318005475198,
        136.77554428274092,
        137.50760498740513,
        143.409908214915,
        132.87512023752495,
        137.89627185127605,
        139.30875660115774,
        142.9369384193402,
        139.34136187293288,
        136.77554428274092,
        137.7203322601326,
        141.25590732747918
      ]
    },
    "satellite_stats": {
      "training_satellites": [
        24,
        24,
        24,
        24,
        24,
        24,
        24,
        24,
        24,
        24,
        24,
        24,
        24,
        24,
        24,
        24,
        24,
        24,
        24,
        24
      ],
      "receiving_satellites": [
        24,
        24,
        24,
        24,
        24,
        24,
        24,
        24,
        24,
        24,
        24,
        24,
        24,
        24,
        24,
        24,
        24,
        24,
        24,
        24
      ],
      "total_active": [
        24,
        24,
        24,
        24,
        24,
        24,
        24,
        24,
        24,
        24,
        24,
        24,
        24,
        24,
        24,
        24,
        24,
        24,
        24,
        24
      ]
    },