{
  "satfl": {
    "accuracies": [
      99.46191087604396,
      99.57994180910087,
      99.54648793186718,
      99.65603760027328,
      99.71305054598142,
      99.7465044232151,
      99.74414851636766,
      99.76864994758107,
      99.7241233081644,
      99.74132142815073,
      99.76912112895056,
      99.70598282543908,
      99.7571060040286,
      99.54743029460614,
      99.76016868293027,
      99.73802315856432,
      99.77878034702508,
      99.69043384024596,
      99.77524648675391,
      99.75993309224553
    ],
    "losses": [
      0.02726755381067708,
      0.021492101804693655,
      0.01955537024609334,
      0.018542216783585756,
      0.01688916586613512,
      0.016293913613280097,
      0.015534046998759286,
      0.01408309989945745,
      0.014715391981315924,
      0.014670970230485768,
      0.013872920584199378,
      0.014030671161460465,
      0.013595392929442666,
      0.013269030533888511,
      0.013148882485619351,
      0.012854014930597872,
      0.012524206542705543,
      0.012665468154083216,
      0.01231063948777094,
      0.012674930439729165
    ],
    "energy_stats": {
      "training_energy": [
        131.3792080012238,
        135.863753455768,
        136.22763234225337,
        135.02244499206552,
        132.11699044661256,
        131.08051440603325,
        135.2294234969414,
        157.57930238341885,
        156.87857511069143,
        134.5805144060322,
        138.96505986057622,
        140.51087804239503,
        138.20936308808942,
        132.2256660197882,
        131.08051440603322,
        136.10287804239567,
        156.23305986057306,
        156.87857511069143,
        134.5805144060322,
        138.96505986057625
      ],
      "communication_energy": [
        0.003609008787861967,
        0.003609008787861967,
        0.003609008787861967,
        0.003609008787861967,
        0.003609008787861967,
        0.003609008787861967,
        0.003609008787861967,
        0.003609008787861967,
        0.003609008787861967,
        0.003609008787861967,
        0.003609008787861967,
        0.003609008787861967,
        0.003609008787861967,
        0.003609008787861967,
        0.003609008787861967,
        0.003609008787861967,
        0.003609008787861967,
        0.003609008787861967,
        0.003609008787861967,
        0.003609008787861967
      ],
      "total_energy": [
        131.38281701001165,
        135.86736246455587,
        136.23124135104123,
        135.02605400085338,
        132.12059945540042,
        131.0841234148211,
        135.23303250572926,
        157.5829113922067,
        156.8821841194793,
        134.58412341482006,
        138.96866886936408,
        140.5144870511829,
        138.21297209687728,
        132.22927502857607,
        131.08412341482108,
        136.10648705118354,
        156.23666886936093,
        156.8821841194793,
        134.58412341482006,
        138.9686688693641
      ]
    },
    "satellite_stats": {
      "training_satellites": [
        24,
        24,
        24,
        24,
        24,
        24,
        24,
        24,
        24,
        24,
        24,
        24,
        24,
        24,
        24,
        24,
        24,
        24,
        24,
        24
      ],
      "receiving_satellites": [
        24,
        24,
        24,
        24,
        24,
        24,
        24,
        24,
        24,
        24,
        24,
        24,
        24,
        24,
        24,
        24,
        24,
        24,
        24,
        24
      ],
      "total_active": [
        24,
        24,
        24,
        24,
        24,
        24,
        24,
        24,
        24,
        24,
        24,
        24,
        24,
        24,
        24,
        24,
        24,
        24,
        24,
        24
      ]
    },
    "num_synthetic_samples": 1000
  },
  "fedprox": {
    "accuracies": [
      31.861990976876776,
      31.926307233811976,
      47.35961740072798,
      71.4518275947369,
      85.16108513069393,
      90.49603618672917,
      92.47829620816793,
      92.69480404744796,
      92.994239807758,
      93.16739896104508,
      93.62020425712367,
      94.39105697760711,
      94.79038318824874,
      94.83773691588235,
      94.94139681716985,
      95.32847231220478,
      95.39278856913998,
      95.44202702225154,
      95.52165667369512,
      95.33483326069288
    ],
    "losses": [
      0.8395756786774214,
      0.7081293624682233,
      0.6134773958277023,
      0.5496127713607737,
      0.5019187040130061,
      0.46514777045417555,
      0.4336227434586961,
      0.40920297746393614,
      0.3867312441704831,
      0.3657863732932625,
      0.3488155888871458,
      0.3388190460155908,
      0.32292733672972657,
      0.31100300408659154,
      0.3000383585330325,
      0.29293688129130135,
      0.28424276669815624,
      0.27648716361056225,
      0.26769254669993553,
      0.26517596493868417
    ],
    "energy_stats": {
      "training_energy": [
        135.288117387945,
        135.74060213782585,
        140.84060213782345,
        140.40138922777982,
        138.30084466067314,
        146.60151122873287,
        136.30217779679643,
        139.86126870588734,
        144.2346625466764,
        136.15854143315912,
        137.35060213782387,
        141.03957104596105,
        138.30084466067314,
        144.8996930469153,
        136.08720829703418,
        136.16605668327838,
        142.7087839560087,
        134.45672325134157,
        137.35060213782387,
        141.25229831868805
      ],
      "communication_energy": [
        0.003609008787861967,
        0.003609008787861967,
        0.003609008787861967,
        0.003609008787861967,
        0.003609008787861967,
        0.003609008787861967,
        0.003609008787861967,
        0.003609008787861967,
        0.003609008787861967,
        0.003609008787861967,
        0.003609008787861967,
        0.003609008787861967,
        0.003609008787861967,
        0.003609008787861967,
        0.003609008787861967,
        0.003609008787861967,
        0.003609008787861967,
        0.003609008787861967,
        0.003609008787861967,
        0.003609008787861967
      ],
      "total_energy": [
        135.29172639673286,
        135.7442111466137,
        140.84421114661131,
        140.40499823656768,
        138.304453669461,
        146.60512023752074,
        136.3057868055843,
        139.8648777146752,
        144.23827155546425,
        136.16215044194698,
        137.35421114661173,
        141.04318005474892,
        138.304453669461,
        144.90330205570316,
        136.09081730582204,
        136.16966569206625,
        142.71239296479655,
        134.46033226012943,
        137.35421114661173,
        141.2559073274759
      ]
    },
    "satellite_stats": {
      "training_satellites": [
        24,
        24,
        24,
        24,
        24,
        24,
        24,
        24,
        24,
        24,
        24,
        24,
        24,
        24,
        24,
        24,
        24,
        24,
        24,
        24
      ],
      "receiving_satellites": [
        24,
        24,
        24,
        24,
        24,
        24,
        24,
        24,
        24,
        24,
        24,
        24,
        24,
        24,
        24,
        24,
        24,
        24,
        24,
        24
      ],
      "total_active": [
        24,
        24,
        24,
        24,
        24,
        24,
        24,
        24,
        24,
        24,
        24,
        24,
        24,
        24,
        24,
        24,
        24,
        24,
        24,
        24
      ]
    },