{
  "fedprox": {
    "accuracies": [
      97.91761393754491,
      98.40976287797581,
      98.639934976971,
      98.93701483043361,
      98.81191617683437,
      98.93489451427091,
      99.22726255403862,
      99.14315667958489,
      99.08260987360559,
      99.05528135417525,
      99.18815450037106,
      99.25223516662152,
      99.24823012498086,
      99.37097287173265,
      99.26401470085872,
      99.33210040874984,
      99.38982012651219,
      99.40183525143416,
      99.28639581590944,
      99.43246204045091
    ],
    "losses": [
      0.2388654687630312,
      0.10915283949726769,
      0.08305151414044688,
      0.06951359006300936,
      0.06221896373779957,
      0.059767230773959734,
      0.05558451245698936,
      0.0538434105467275,
      0.05115097494752769,
      0.04940053810102743,
      0.048618739511985455,
      0.04594269104388904,
      0.04597609359159977,
      0.04639192038731361,
      0.04393796780871889,
      0.04379377002632543,
      0.04123511945040965,
      0.04349978910984007,
      0.03952119076507903,
      0.039374980205113215
    ],
    "energy_stats": {
      "training_energy": [
        98.484979015005,
        94.8304335604572,
        92.63770628773132,
        95.85370628773121,
        94.5380699240954,
        91.76061537864052,
        93.51479719682004,
        91.76061537863853,
        94.53806992409315,
        98.33879719682184,
        94.68425174227683,
        96.73079719682076,
        97.31552446954872,
        92.19916083318685,
        93.07625174227503,
        93.8071608331848,
        91.61443356045747,
        94.53806992409218,
        91.90679719682119,
        93.66097901500194
      ],
      "communication_energy": [
        0.003609008787861967,
        0.003609008787861967,
        0.003609008787861967,
        0.003609008787861967,
        0.003609008787861967,
        0.003609008787861967,
        0.003609008787861967,
        0.003609008787861967,
        0.003609008787861967,
        0.003609008787861967,
        0.003609008787861967,
        0.003609008787861967,
        0.003609008787861967,
        0.003609008787861967,
        0.003609008787861967,
        0.003609008787861967,
        0.003609008787861967,
        0.003609008787861967,
        0.003609008787861967,
        0.003609008787861967
      ],
      "total_energy": [
        98.48858802379286,
        94.83404256924506,
        92.64131529651918,
        95.85731529651908,
        94.54167893288326,
        91.76422438742838,
        93.5184062056079,
        91.7642243874264,
        94.54167893288101,
        98.3424062056097,
        94.68786075106469,
        96.73440620560862,
        97.31913347833658,
        92.20276984197471,
        93.0798607510629,
        93.81076984197266,
        91.61804256924533,
        94.54167893288005,
        91.91040620560905,
        93.6645880237898
      ]
    },
    "satellite_stats": {
      "training_satellites": [
        24,
        24,
        24,
        24,
        24,
        24,
        24,
        24,
        24,
        24,
        24,
        24,
        24,
        24,
        24,
        24,
        24,
        24,
        24,
        24
      ],
      "receiving_satellites": [
        24,
        24,
        24,
        24,
        24,
        24,
        24,
        24,
        24,
        24,
        24,
        24,
        24,
        24,
        24,
        24,
        24,
        24,
        24,
        24
      ],
      "total_active": [
        24,
        24,
        24,
        24,
        24,
        24,
        24,
        24,
        24,
        24,
        24,
        24,
        24,
        24,
        24,
        24,
        24,
        24,
        24,
        24
      ]
    },
    "proximal_terms": [
      2.172468384106954,
      0.5423658154904842,
      0.3631587363779545,
      0.2770671620965004,
      0.21676448484261832,
      0.1988278819868962,
      0.1818071287125349,
      0.1983828442171216,
      0.186565514964362,
      0.17301724820087352,
      0.18286917762209973,
      0.14646243583410978,
      0.21333594558139643,
      0.17081836300591627,
      0.15477973905702433,
      0.27740717958658934,
      0.14545295791079602,
      0.1423782945300142,
      0.16416079209496579,
      0.14196870600183806
    ],
    "mu": 0.1
  },
  "fedavg": {
    "accuracies": [
      98.69223610898425,
      99.36932373693944,
      99.40277761417313,
      99.59030779922962,
      99.55944541952812,
      99.6821881662799,
      99.63177175974462,
      99.43411117524413,
      99.05174749390409,
      99.67865430600874,
      99.6847796638121,
      99.69373210983238,
      99.50054774834203,
      99.61268891428033,
      99.68030344080195,
      99.68289493833414,
      99.76464490594041,
      99.72341653611016,
      99.57522999540598,
      99.73401811692365
    ],
    "losses": [
      0.0302397326200454,
      0.024271011919194983,
      0.02095730189815791,
      0.01893338585955962,
      0.018636815377549295,
      0.017736889117384125,
      0.016065335116536135,
      0.015429226897515887,
      0.015284716690478014,
      0.014391795724432622,
      0.014847806981737327,
      0.01388956208964838,
      0.014561397064017904,
      0.013743651823002115,
      0.013191350490597052,
      0.012726300872389996,
      0.01309227545274917,
      0.012653959553064824,
      0.013361140254660564,
      0.012563276663838755
    ],
    "energy_stats": {
      "training_energy": [
        86.64425174227664,
        86.64425174227664,
        87.22897901500474,
        99.36206992409574,
        94.09952446954978,
        104.03988810591225,
        95.41516083318373,
        91.76061537864,
        92.78388810591261,
        101.84716083318517,
        86.64425174227664,
        86.35188810591387,
        93.3686153786421,
        94.09952446954978,
        103.60134265136654,
        93.36861537863933,
        94.09952446954922,
        92.34534265136766,
        101.70097901500384,
        86.64425174227664
      ],
      "communication_energy": [
        0.003609008787861967,
        0.003609008787861967,
        0.003609008787861967,
        0.003609008787861967,
        0.003609008787861967,
        0.003609008787861967,
        0.003609008787861967,
        0.003609008787861967,
        0.003609008787861967,
        0.003609008787861967,
        0.003609008787861967,
        0.003609008787861967,
        0.003609008787861967,
        0.003609008787861967,
        0.003609008787861967,
        0.003609008787861967,
        0.003609008787861967,
        0.003609008787861967,
        0.003609008787861967,
        0.003609008787861967
      ],
      "total_energy": [
        86.6478607510645,
        86.6478607510645,
        87.2325880237926,
        99.3656789328836,
        94.10313347833764,
        104.04349711470012,
        95.4187698419716,
        91.76422438742786,
        92.78749711470047,
        101.85076984197303,
        86.6478607510645,
        86.35549711470173,
        93.37222438742997,
        94.10313347833764,
        103.6049516601544,
        93.3722243874272,
        94.10313347833709,
        92.34895166015552,
        101.7045880237917,
        86.6478607510645
      ]
    },
    "satellite_stats": {
      "training_satellites": [
        24,
        24,
        24,
        24,
        24,
        24,
        24,
        24,
        24,
        24,
        24,
        24,
        24,
        24,
        24,
        24,
        24,
        24,
        24,
        24
      ],
      "receiving_satellites": [
        24,
        24,
        24,
        24,
        24,
        24,
        24,
        24,
        24,
        24,
        24,
        24,
        24,
        24,
        24,
        24,
        24,
        24,
        24,
        24
      ],