{
  "fedprox": {
    "accuracies": [
      68.32718834297292,
      84.07336293922938,
      91.82052701636178,
      92.52400080100833,
      94.22967735855724,
      95.41564086556018,
      95.76996925541565,
      96.43480616776412,
      96.85627790277172,
      96.84756104743619,
      97.04310131577398,
      96.79408196199923,
      97.02802351195034,
      97.1813930477189,
      97.39907884042265,
      97.3743418185245,
      97.23440095178637,
      97.63207802763479,
      97.54514506496413,
      97.87355847949772
    ],
    "losses": [
      0.6287973469648186,
      0.4245286757902589,
      0.3397685079959203,
      0.2829738978392751,
      0.24931766533946523,
      0.22523524921236873,
      0.20772678404081926,
      0.1938259702133203,
      0.18412475199693268,
      0.17958405581980383,
      0.1731472532876829,
      0.16069830861586956,
      0.15547500918947016,
      0.1506270872511844,
      0.14754145301586438,
      0.1434714065347957,
      0.13869733818606586,
      0.14285412420716026,
      0.1334123907677737,
      0.13573254892389242
    ],
    "energy_stats": {
      "training_energy": [
        135.68878395600657,
        135.87672325134224,
        146.35775286414537,
        146.08969304691564,
        134.8626628424916,
        141.938783956004,
        141.0685414331623,
        142.29514759237108,
        141.76605668327846,
        140.18866195505296,
        145.50684377323654,
        142.9981173879438,
        135.288117387945,
        140.3190264788503,
        141.28126870588858,
        142.93332941055235,
        143.0424203196408,
        141.2522983186894,
        140.5362382056514,
        139.7632074096001
      ],
      "communication_energy": [
        0.003609008787861967,
        0.003609008787861967,
        0.003609008787861967,
        0.003609008787861967,
        0.003609008787861967,
        0.003609008787861967,
        0.003609008787861967,
        0.003609008787861967,
        0.003609008787861967,
        0.003609008787861967,
        0.003609008787861967,
        0.003609008787861967,
        0.003609008787861967,
        0.003609008787861967,
        0.003609008787861967,
        0.003609008787861967,
        0.003609008787861967,
        0.003609008787861967,
        0.003609008787861967,
        0.003609008787861967
      ],
      "total_energy": [
        135.69239296479444,
        135.8803322601301,
        146.36136187293323,
        146.0933020557035,
        134.86627185127946,
        141.94239296479185,
        141.07215044195016,
        142.29875660115894,
        141.76966569206633,
        140.19227096384083,
        145.5104527820244,
        143.00172639673167,
        135.29172639673286,
        140.32263548763817,
        141.28487771467644,
        142.9369384193402,
        143.04602932842866,
        141.25590732747727,
        140.53984721443925,
        139.76681641838798
      ]
    },
    "satellite_stats": {
      "training_satellites": [
        24,
        24,
        24,
        24,
        24,
        24,
        24,
        24,
        24,
        24,
        24,
        24,
        24,
        24,
        24,
        24,
        24,
        24,
        24,
        24
      ],
      "receiving_satellites": [
        24,
        24,
        24,
        24,
        24,
        24,
        24,
        24,
        24,
        24,
        24,
        24,
        24,
        24,
        24,
        24,
        24,
        24,
        24,
        24
      ],
      "total_active": [
        24,
        24,
        24,
        24,
        24,
        24,
        24,
        24,
        24,
        24,
        24,
        24,
        24,
        24,
        24,
        24,
        24,
        24,
        24,
        24
      ]
    },
    "proximal_terms": [
      0.14893860121568045,
      0.07287898209566872,
      0.05093627578268448,
      0.038596075804283224,
      0.034598656153927244,
      0.02898874630530675,
      0.02853502348686258,
      0.026384979602880776,
      0.02398702366432796,
      0.03581894872089227,
      0.02635150495916605,
      0.02240591760103901,
      0.022230133647099137,
      0.023907616268843412,
      0.019254600862041116,
      0.02050089944774906,
      0.02478611981496215,
      0.02046557414966325,
      0.021288812238102157,
      0.02278259276257207
    ],
    "mu": 2
  },
  "fedavg": {
    "accuracies": [
      99.5205729565453,
      99.58842307375167,
      98.9226437986642,
      99.34034608271588,
      99.17873087298128,
      99.07648451580225,
      99.40725383718328,
      99.3606068816039,
      99.5827688973178,
      99.60302969620581,
      99.71399290872039,
      99.76488049662517,
      99.6741780829986,
      99.73071984733724,
      99.74556206047613,
      99.72435889884913,
      99.69373210983238,
      99.74815355800831,
      99.78702602099114,
      99.78302097935048
    ],
    "losses": [
      0.027499444474391104,
      0.022740530459575994,
      0.020360774510306056,
      0.01774673079233426,
      0.01688932299323254,
      0.015599681300668107,
      0.015105213129050324,
      0.01461083299510228,
      0.014329031949690237,
      0.013414050153862279,
      0.013355503939124205,
      0.01379033529630684,
      0.013427777242262946,
      0.013282264073934636,
      0.01274691124639253,
      0.013135727804989512,
      0.012137098690895074,
      0.012839590796228345,
      0.012567477464995874,
      0.012527720247279765
    ],
    "energy_stats": {
      "training_energy": [
        149.32920800121863,
        147.7094505240648,
        152.7328443648568,
        152.0946625466767,
        132.6037534557692,
        128.8567232513444,
        147.3855716375828,
        137.8355716375886,
        145.98829891031218,
        145.76035961497584,
        147.7094505240648,
        141.9237534557692,
        139.4087839560075,
        131.69126870588832,
        132.9428443648599,
        150.25466254667825,
        145.83490506952643,
        146.3564807284929,
        136.57102618304094,
        148.98581416042896
      ],
      "communication_energy": [
        0.003609008787861967,
        0.003609008787861967,
        0.003609008787861967,
        0.003609008787861967,
        0.003609008787861967,
        0.003609008787861967,
        0.003609008787861967,
        0.003609008787861967,
        0.003609008787861967,
        0.003609008787861967,
        0.003609008787861967,
        0.003609008787861967,
        0.003609008787861967,
        0.003609008787861967,
        0.003609008787861967,
        0.003609008787861967,
        0.003609008787861967,
        0.003609008787861967,
        0.003609008787861967,
        0.003609008787861967
      ],
      "total_energy": [
        149.3328170100065,
        147.71305953285267,
        152.73645337364465,
        152.09827155546455,
        132.60736246455707,
        128.86033226013225,
        147.38918064637068,
        137.83918064637646,
        145.99190791910004,
        145.7639686237637,
        147.71305953285267,
        141.92736246455706,
        139.41239296479537,
        131.69487771467618,
        132.94645337364776,
        150.2582715554661,
        145.8385140783143,
        146.36008973728076,
        136.5746351918288,
        148.98942316921682
      ]
    },
    "satellite_stats": {
      "training_satellites": [
        24,
        24,
        24,
        24,
        24,
        24,
        24,
        24,
        24,
        24,
        24,
        24,
        24,
        24,
        24,
        24,
        24,
        24,
        24,
        24
      ],
      "receiving_satellites": [
        24,
        24,
        24,
        24,
        24,
        24,
        24,
        24,
        24,
        24,
        24,
        24,
        24,
        24,
        24,
        24,
        24,
        24,
        24,
        24
      ],