{
  "satfl": {
    "accuracies": [
      76.38556771465257,
      98.84324973790537,
      78.83241256640713,
      97.65068969172958,
      98.1232846053267,
      88.4732545675144,
      79.23904208827582,
      99.39382516815284,
      96.77358557242647,
      96.06539997408503,
      99.4956003439624,
      96.74790618778934,
      98.80155018670561,
      98.65124332983874,
      91.46290035691989,
      99.02229865831104,
      99.43199085908144,
      96.06163052312911,
      99.18815450037106,
      99.74603324184562
    ],
    "losses": [
      0.03901940267548403,
      0.02715082414206105,
      0.024783173198354085,
      0.022369051791213193,
      0.018112172732278994,
      0.017039729901994455,
      0.0135070322318401,
      0.014280878240615512,
      0.014363145398283992,
      0.01776161438480946,
      0.017386873561538632,
      0.01664345780783507,
      0.01475925258619025,
      0.0171120884519807,
      0.01630420017936088,
      0.0299191382303014,
      0.028038722495497978,
      0.031106387363427964,
      0.03145054591197948,
      0.02577186065329749
    ],
    "energy_stats": {
      "training_energy": [
        60.28839594200036,
        60.49762451934863,
        61.380835950331274,
        66.3987711514551,
        62.63928873860257,
        63.96883709821457,
        55.96384758827912,
        75.66415159711576,
        78.49812486579849,
        64.27722834154216,
        63.144847570593186,
        63.92235118865972,
        65.40109035387817,
        66.06043714558498,
        62.88889983819368,
        59.19710171370137,
        74.36515857280985,
        70.3218707580625,
        63.637061338604084,
        59.720568175229474
      ],
      "communication_energy": [
        0.003609008787861967,
        0.003609008787861967,
        0.003609008787861967,
        0.003609008787861967,
        0.003609008787861967,
        0.003609008787861967,
        0.003609008787861967,
        0.003609008787861967,
        0.003609008787861967,
        0.003609008787861967,
        0.003609008787861967,
        0.003609008787861967,
        0.003609008787861967,
        0.003609008787861967,
        0.003609008787861967,
        0.003609008787861967,
        0.003609008787861967,
        0.003609008787861967,
        0.003609008787861967,
        0.003609008787861967
      ],
      "total_energy": [
        60.292004950788225,
        60.501233528136495,
        61.384444959119136,
        66.40238016024296,
        62.642897747390435,
        63.97244610700243,
        55.967456597066985,
        75.66776060590362,
        78.50173387458635,
        64.28083735033002,
        63.14845657938105,
        63.92596019744758,
        65.40469936266604,
        66.06404615437285,
        62.89250884698154,
        59.200710722489234,
        74.36876758159771,
        70.32547976685036,
        63.640670347391946,
        59.724177184017336
      ]
    },
    "satellite_stats": {
      "training_satellites": [
        24,
        24,
        24,
        24,
        24,
        24,
        24,
        24,
        24,
        24,
        24,
        24,
        24,
        24,
        24,
        24,
        24,
        24,
        24,
        24
      ],
      "receiving_satellites": [
        24,
        24,
        24,
        24,
        24,
        24,
        24,
        24,
        24,
        24,
        24,
        24,
        24,
        24,
        24,
        24,
        24,
        24,
        24,
        24
      ],
      "total_active": [
        24,
        24,
        24,
        24,
        24,
        24,
        24,
        24,
        24,
        24,
        24,
        24,
        24,
        24,
        24,
        24,
        24,
        24,
        24,
        24
      ]
    },
    "num_synthetic_samples": 1000
  },
  "fedprox": {
    "accuracies": [
      68.02869494540185,
      68.02869494540185,
      68.02916612677134,
      79.5721673165043,
      95.98529914127195,
      96.99080018376074,
      98.25285948193608,
      88.76585819796685,
      68.45817676369076,
      90.79547194703922,
      96.89303004959184,
      99.29063644823484,
      99.38440154076308,
      86.81823000718552,
      86.9909179791031,
      89.02288763502291,
      95.43260339486177,
      99.38181004323089,
      93.8807675544509,
      97.73856501713922
    ],
    "losses": [
      0.1873966589140111,
      0.14960662428541585,
      0.14186062225662036,
      0.17371446764245854,
      0.11163868671398221,
      0.10463223500006254,
      0.09597679350133993,
      0.09231284723478146,
      0.0906544015173067,
      0.09102792978815137,
      0.09909777362194494,
      0.0916249262084075,
      0.08438852920116309,
      0.09144702108965454,
      0.08088957530904091,
      0.1073096359494667,
      0.21728340242620295,
      0.10758841706360127,
      0.07044441938227629,
      0.07496529969353614
    ],
    "energy_stats": {
      "training_energy": [
        69.49349173840854,
        77.23707404778344,
        81.83315128361255,
        70.51731629839824,
        72.33310661281143,
        51.36359085360361,
        70.11045542803787,
        69.70406856293994,
        62.06864686654033,
        65.48898900187977,
        39.29042622306057,
        79.87891835750193,
        67.29959630896734,
        70.36598665306883,
        69.19117602678024,
        70.68124428107582,
        72.54159860472188,
        68.16015687456937,
        72.30198228662833,
        68.5630790176415
      ],
      "communication_energy": [
        0.003609008787861967,
        0.003609008787861967,
        0.003609008787861967,
        0.003609008787861967,
        0.003609008787861967,
        0.003609008787861967,
        0.003609008787861967,
        0.003609008787861967,
        0.003609008787861967,
        0.003609008787861967,
        0.003609008787861967,
        0.003609008787861967,
        0.003609008787861967,
        0.003609008787861967,
        0.003609008787861967,
        0.003609008787861967,
        0.003609008787861967,
        0.003609008787861967,
        0.003609008787861967,
        0.003609008787861967
      ],
      "total_energy": [
        69.4971007471964,
        77.2406830565713,
        81.83676029240041,
        70.5209253071861,
        72.3367156215993,
        51.36719986239147,
        70.11406443682573,
        69.7076775717278,
        62.07225587532819,
        65.49259801066763,
        39.29403523184843,
        79.88252736628979,
        67.3032053177552,
        70.36959566185669,
        69.1947850355681,
        70.68485328986368,
        72.54520761350975,
        68.16376588335723,
        72.30559129541619,
        68.56668802642936
      ]
    },
    "satellite_stats": {
      "training_satellites": [
        24,
        24,
        24,
        24,
        24,
        24,
        24,
        24,
        24,
        24,
        24,
        24,
        24,
        24,
        24,
        24,
        24,
        24,
        24,
        24
      ],
      "receiving_satellites": [
        24,
        24,
        24,
        24,
        24,
        24,
        24,
        24,
        24,
        24,
        24,
        24,
        24,
        24,
        24,
        24,
        24,
        24,
        24,
        24
      ],
      "total_active": [
        24,
        24,
        24,
        24,
        24,
        24,
        24,
        24,
        24,
        24,
        24,
        24,
        24,
        24,
        24,
        24,
        24,
        24,
        24,
        24
      ]
    },