{
  "satfl": {
    "accuracies": [
      99.66004264191393,
      99.69420329120186,
      99.33963931066165,
      99.67559162710707,
      99.70150660242894,
      99.74721119526934,
      99.75616364128962,
      99.74414851636766,
      99.78773279304536,
      99.67111540409692,
      99.72883512185928,
      99.72200299200169,
      99.74556206047613,
      99.66334091150036,
      99.74791796732357,
      99.74320615362869,
      99.74956710211679,
      99.75098064622524,
      99.69632360736456,
      99.74815355800831
    ],
    "losses": [
      0.02735960711524338,
      0.021696168418129994,
      0.019514911329584345,
      0.022729453532009915,
      0.021101450466827595,
      0.01869093281408492,
      0.018367151929464268,
      0.017637267637557404,
      0.017058330161526535,
      0.0162174354506825,
      0.016218002193492176,
      0.01571573884066434,
      0.016045696212522675,
      0.015249614352546867,
      0.01568442758764014,
      0.016048510245966326,
      0.016484908943569184,
      0.015051070919202228,
      0.015090084033411916,
      0.015355321950249192
    ],
    "energy_stats": {
      "training_energy": [
        149.96738981939973,
        148.1349050695197,
        147.11557163758337,
        146.45021292981406,
        130.8279953869927,
        137.39362855564798,
        139.08750744213103,
        134.76271946473778,
        151.68181037382038,
        152.48635582836613,
        151.62309210620745,
        149.2777586742703,
        145.90654665166832,
        130.95903140154962,
        131.78854665166784,
        138.70196401700497,
        135.22447374690887,
        151.41020973482438,
        152.9901490301594,
        151.35260909582794
      ],
      "communication_energy": [
        0.003609008787861967,
        0.003609008787861967,
        0.003609008787861967,
        0.003609008787861967,
        0.003609008787861967,
        0.003609008787861967,
        0.003609008787861967,
        0.003609008787861967,
        0.003609008787861967,
        0.003609008787861967,
        0.003609008787861967,
        0.003609008787861967,
        0.003609008787861967,
        0.003609008787861967,
        0.003609008787861967,
        0.003609008787861967,
        0.003609008787861967,
        0.003609008787861967,
        0.003609008787861967,
        0.003609008787861967
      ],
      "total_energy": [
        149.9709988281876,
        148.13851407830757,
        147.11918064637123,
        146.45382193860192,
        130.83160439578057,
        137.39723756443584,
        139.0911164509189,
        134.76632847352565,
        151.68541938260825,
        152.489964837154,
        151.6267011149953,
        149.28136768305816,
        145.91015566045618,
        130.96264041033749,
        131.7921556604557,
        138.70557302579283,
        135.22808275569673,
        151.41381874361224,
        152.99375803894725,
        151.3562181046158
      ]
    },
    "satellite_stats": {
      "training_satellites": [
        24,
        24,
        24,
        24,
        24,
        24,
        24,
        24,
        24,
        24,
        24,
        24,
        24,
        24,
        24,
        24,
        24,
        24,
        24,
        24
      ],
      "receiving_satellites": [
        24,
        24,
        24,
        24,
        24,
        24,
        24,
        24,
        24,
        24,
        24,
        24,
        24,
        24,
        24,
        24,
        24,
        24,
        24,
        24
      ],
      "total_active": [
        24,
        24,
        24,
        24,
        24,
        24,
        24,
        24,
        24,
        24,
        24,
        24,
        24,
        24,
        24,
        24,
        24,
        24,
        24,
        24
      ]
    },
    "num_synthetic_samples": 1000
  },
  "fedprox": {
    "accuracies": [
      94.46102741097617,
      95.38242257901122,
      96.20298493397571,
      96.55260151013628,
      97.14864594253943,
      97.29117830680975,
      97.10835993544815,
      97.31921359829433,
      97.39955002179214,
      97.1234377392718,
      97.33617612759592,
      97.62925093941786,
      97.83727751404709,
      97.73809383576973,
      97.65610827747871,
      97.87167375401977,
      98.09548490452687,
      97.8719093447045,
      98.09360017904892,
      97.93410528547702
    ],
    "losses": [
      0.32205970170747156,
      0.15650528532160765,
      0.12046673373648276,
      0.097604243815011,
      0.09099639399364118,
      0.07971158955980319,
      0.07354400455353786,
      0.07099970034689634,
      0.0705015298342409,
      0.06561810112260663,
      0.06743153152255207,
      0.06108147533015695,
      0.06227066766143307,
      0.05657297543620913,
      0.05678315599337607,
      0.05671297470602856,
      0.06284277073448677,
      0.05652542618119977,
      0.05531657089401539,
      0.05122799078281149
    ],
    "energy_stats": {
      "training_energy": [
        143.2972082970341,
        143.97969304691506,
        147.84684377323356,
        134.35084466067335,
        143.8050255914149,
        144.4699355697615,
        135.93605668328044,
        141.47878395600495,
        141.22945052406737,
        144.1676323422513,
        147.84684377323356,
        134.5560566832812,
        143.8050255914149,
        141.01448102430604,
        135.46629920612696,
        141.90423850145982,
        141.03957104596495,
        144.16763234225132,
        142.5544200238282,
        134.5560566832812
      ],
      "communication_energy": [
        0.003609008787861967,
        0.003609008787861967,
        0.003609008787861967,
        0.003609008787861967,
        0.003609008787861967,
        0.003609008787861967,
        0.003609008787861967,
        0.003609008787861967,
        0.003609008787861967,
        0.003609008787861967,
        0.003609008787861967,
        0.003609008787861967,
        0.003609008787861967,
        0.003609008787861967,
        0.003609008787861967,
        0.003609008787861967,
        0.003609008787861967,
        0.003609008787861967,
        0.003609008787861967,
        0.003609008787861967
      ],
      "total_energy": [
        143.30081730582197,
        143.98330205570292,
        147.85045278202142,
        134.3544536694612,
        143.80863460020277,
        144.47354457854937,
        135.9396656920683,
        141.4823929647928,
        141.23305953285524,
        144.17124135103916,
        147.85045278202142,
        134.55966569206907,
        143.80863460020277,
        141.0180900330939,
        135.46990821491482,
        141.90784751024768,
        141.0431800547528,
        144.17124135103919,
        142.55802903261605,
        134.55966569206907
      ]
    },
    "satellite_stats": {
      "training_satellites": [
        24,
        24,
        24,
        24,
        24,
        24,
        24,
        24,
        24,
        24,
        24,
        24,
        24,
        24,
        24,
        24,
        24,
        24,
        24,
        24
      ],
      "receiving_satellites": [
        24,
        24,
        24,
        24,
        24,
        24,
        24,
        24,
        24,
        24,
        24,
        24,
        24,
        24,
        24,
        24,
        24,
        24,
        24,
        24
      ],
      "total_active": [
        24,
        24,
        24,
        24,
        24,
        24,
        24,
        24,
        24,
        24,
        24,
        24,
        24,
        24,
        24,
        24,
        24,
        24,
        24,
        24
      ]
    },