{
  "satfl": {
    "accuracies": [
      97.66553190486849,
      99.19687135570659,
      99.65179696794789,
      99.70692518817806,
      99.7384943399338,
      99.65533082821905,
      99.74744678595408,
      99.73731638651007,
      99.78514129551317,
      99.76417372457092,
      99.73613843308635,
      99.75333655307269,
      99.71681999693732,
      99.75616364128962,
      99.75639923197437,
      99.76323136183196,
      99.64684956356825,
      99.65650878164277,
      99.657215553697,
      99.73331134486942
    ],
    "losses": [
      0.027062827305961854,
      0.02196496102928058,
      0.019384588189802727,
      0.020143909268002642,
      0.018643868706118782,
      0.018066267303059193,
      0.0175959845736583,
      0.017164893608582688,
      0.01680741133673515,
      0.01615649544131161,
      0.017116274270156325,
      0.016676359154229065,
      0.01651798699280131,
      0.016591795893208368,
      0.016285969558016002,
      0.01645213551172517,
      0.016775014219683058,
      0.016349764562988423,
      0.01707962283561048,
      0.01613378411294708
    ],
    "energy_stats": {
      "training_energy": [
        141.20672325134336,
        151.88193527394895,
        129.73466254668085,
        136.00832910884645,
        135.27451092702796,
        148.09659835121946,
        134.54635582837446,
        148.60090128291418,
        152.919083101093,
        143.58750744212827,
        154.82445399717673,
        132.2587072646432,
        136.68841827254002,
        135.5175091816299,
        148.48534914849122,
        133.12569419479695,
        148.94823964933596,
        153.92129483378486,
        143.27357308127694,
        142.38884580854912
      ],
      "communication_energy": [
        0.003609008787861967,
        0.003609008787861967,
        0.003609008787861967,
        0.003609008787861967,
        0.003609008787861967,
        0.003609008787861967,
        0.003609008787861967,
        0.003609008787861967,
        0.003609008787861967,
        0.003609008787861967,
        0.003609008787861967,
        0.003609008787861967,
        0.003609008787861967,
        0.003609008787861967,
        0.003609008787861967,
        0.003609008787861967,
        0.003609008787861967,
        0.003609008787861967,
        0.003609008787861967,
        0.003609008787861967
      ],
      "total_energy": [
        141.21033226013122,
        151.88554428273682,
        129.7382715554687,
        136.01193811763432,
        135.27811993581582,
        148.10020736000732,
        134.54996483716232,
        148.60451029170204,
        152.92269210988087,
        143.59111645091613,
        154.8280630059646,
        132.26231627343105,
        136.69202728132788,
        135.52111819041775,
        148.4889581572791,
        133.1293032035848,
        148.95184865812382,
        153.92490384257272,
        143.2771820900648,
        142.39245481733698
      ]
    },
    "satellite_stats": {
      "training_satellites": [
        24,
        24,
        24,
        24,
        24,
        24,
        24,
        24,
        24,
        24,
        24,
        24,
        24,
        24,
        24,
        24,
        24,
        24,
        24,
        24
      ],
      "receiving_satellites": [
        24,
        24,
        24,
        24,
        24,
        24,
        24,
        24,
        24,
        24,
        24,
        24,
        24,
        24,
        24,
        24,
        24,
        24,
        24,
        24
      ],
      "total_active": [
        24,
        24,
        24,
        24,
        24,
        24,
        24,
        24,
        24,
        24,
        24,
        24,
        24,
        24,
        24,
        24,
        24,
        24,
        24,
        24
      ]
    },
    "num_synthetic_samples": 1000
  },
  "fedprox": {
    "accuracies": [
      72.22951244507792,
      74.34982860777684,
      78.1195151543708,
      82.82449671939972,
      84.24605091114697,
      87.64868717090926,
      88.51731002556159,
      91.85610120975817,
      91.80450684979915,
      93.76980434193632,
      93.38390680032512,
      93.89890803717621,
      94.55337895939594,
      94.84456904573993,
      95.86585466410658,
      95.87056647780146,
      95.84394473042536,
      95.98412118784823,
      96.07223210394261,
      96.59689255886822
    ],
    "losses": [
      0.7126313530195678,
      0.5897156824509259,
      0.5139446152754489,
      0.45953390491091245,
      0.41413731768741724,
      0.38028190392456457,
      0.356142084823633,
      0.32980062886375566,
      0.31213632806819774,
      0.2902406476040946,
      0.27638576091816974,
      0.2665238358624678,
      0.25068464500915216,
      0.24627199292110305,
      0.23751593927269696,
      0.22488805739661052,
      0.21735283876682146,
      0.21502067883356477,
      0.20722362093123992,
      0.20662488638291268
    ],
    "energy_stats": {
      "training_energy": [
        138.91229831869126,
        140.4378748651001,
        140.54151122873552,
        141.89048013687358,
        134.88217779679962,
        142.3642385014593,
        138.69957104596253,
        142.7206021378248,
        141.30829891031215,
        140.4378748651001,
        141.17969304691772,
        142.3159346823284,
        133.5517537515839,
        145.4039959786109,
        139.33775286414473,
        142.6958141604337,
        142.16672325134104,
        139.76320740959784,
        140.7467232513449,
        142.74138922778226
      ],
      "communication_energy": [
        0.003609008787861967,
        0.003609008787861967,
        0.003609008787861967,
        0.003609008787861967,
        0.003609008787861967,
        0.003609008787861967,
        0.003609008787861967,
        0.003609008787861967,
        0.003609008787861967,
        0.003609008787861967,
        0.003609008787861967,
        0.003609008787861967,
        0.003609008787861967,
        0.003609008787861967,
        0.003609008787861967,
        0.003609008787861967,
        0.003609008787861967,
        0.003609008787861967,
        0.003609008787861967,
        0.003609008787861967
      ],
      "total_energy": [
        138.91590732747912,
        140.44148387388796,
        140.54512023752338,
        141.89408914566144,
        134.8857868055875,
        142.36784751024717,
        138.7031800547504,
        142.72421114661267,
        141.3119079191,
        140.44148387388796,
        141.18330205570558,
        142.31954369111625,
        133.55536276037176,
        145.40760498739877,
        139.3413618729326,
        142.69942316922157,
        142.1703322601289,
        139.7668164183857,
        140.75033226013275,
        142.74499823657013
      ]
    },
    "satellite_stats": {
      "training_satellites": [
        24,
        24,
        24,
        24,
        24,
        24,
        24,
        24,
        24,
        24,
        24,
        24,
        24,
        24,
        24,
        24,
        24,
        24,
        24,
        24
      ],
      "receiving_satellites": [
        24,
        24,
        24,
        24,
        24,
        24,
        24,
        24,
        24,
        24,
        24,
        24,
        24,
        24,
        24,
        24,
        24,
        24,
        24,
        24
      ],
      "total_active": [
        24,
        24,
        24,
        24,
        24,
        24,
        24,
        24,
        24,
        24,
        24,
        24,
        24,
        24,
        24,
        24,
        24,
        24,
        24,
        24
      ]
    },