{
  "satfl": {
    "accuracies": [
      97.70251964237335,
      98.65524837147939,
      98.95986712685381,
      99.70292014653741,
      99.43010613360347,
      99.33422072491254,
      99.65014783315468,
      99.76417372457092,
      99.7347248889779,
      99.625881992626,
      99.75475009718116,
      99.75616364128962,
      99.7677075848421,
      99.64967665178519,
      99.46497355494564,
      99.72200299200169,
      99.78820397441486,
      99.77548207743865,
      99.79150224400128,
      99.64355129398183
    ],
    "losses": [
      0.03057932795046125,
      0.025824852403141665,
      0.022172061875642742,
      0.021711897827635995,
      0.0196538895972322,
      0.01901685841366055,
      0.01778662773693702,
      0.017354081052605382,
      0.016334073858529075,
      0.015823782777809662,
      0.015675920280747605,
      0.015808948724120298,
      0.01470146085197313,
      0.014939082327472847,
      0.014495765975445113,
      0.014890275613073557,
      0.014225534654315655,
      0.014251502449221895,
      0.012891211419505616,
      0.013229531669665335
    ],
    "energy_stats": {
      "training_energy": [
        93.80716083318505,
        104.47843356045823,
        103.01661537863873,
        96.00519277121921,
        89.83282913485455,
        89.31511609164262,
        100.52275245527751,
        105.21784336436879,
        107.48966154618627,
        97.19075245527758,
        108.09547972800489,
        107.33820700073076,
        100.06838881891268,
        89.92093427346036,
        89.1636615461886,
        100.25080415482888,
        104.78898597301135,
        106.45298597300986,
        97.83044051846542,
        91.93080415483016
      ],
      "communication_energy": [
        0.003609008787861967,
        0.003609008787861967,
        0.003609008787861967,
        0.003609008787861967,
        0.003609008787861967,
        0.003609008787861967,
        0.003609008787861967,
        0.003609008787861967,
        0.003609008787861967,
        0.003609008787861967,
        0.003609008787861967,
        0.003609008787861967,
        0.003609008787861967,
        0.003609008787861967,
        0.003609008787861967,
        0.003609008787861967,
        0.003609008787861967,
        0.003609008787861967,
        0.003609008787861967,
        0.003609008787861967
      ],
      "total_energy": [
        93.81076984197291,
        104.48204256924609,
        103.0202243874266,
        96.00880178000708,
        89.83643814364241,
        89.31872510043048,
        100.52636146406537,
        105.22145237315665,
        107.49327055497413,
        97.19436146406544,
        108.09908873679275,
        107.34181600951862,
        100.07199782770054,
        89.92454328224822,
        89.16727055497647,
        100.25441316361675,
        104.79259498179921,
        106.45659498179772,
        97.83404952725328,
        91.93441316361802
      ]
    },
    "satellite_stats": {
      "training_satellites": [
        24,
        24,
        24,
        24,
        24,
        24,
        24,
        24,
        24,
        24,
        24,
        24,
        24,
        24,
        24,
        24,
        24,
        24,
        24,
        24
      ],
      "receiving_satellites": [
        24,
        24,
        24,
        24,
        24,
        24,
        24,
        24,
        24,
        24,
        24,
        24,
        24,
        24,
        24,
        24,
        24,
        24,
        24,
        24
      ],
      "total_active": [
        24,
        24,
        24,
        24,
        24,
        24,
        24,
        24,
        24,
        24,
        24,
        24,
        24,
        24,
        24,
        24,
        24,
        24,
        24,
        24
      ]
    },
    "num_synthetic_samples": 1000
  },
  "fedprox": {
    "accuracies": [
      92.66723993733288,
      95.81166880661539,
      96.83813742004641,
      97.18115745703415,
      97.37976040427361,
      97.64503551529573,
      97.73503115686806,
      97.26172947121671,
      97.47305431543236,
      97.52441308470664,
      97.65634386816345,
      97.62124085613655,
      97.57341594713346,
      97.67118608130235,
      98.08794600261506,
      98.44651502479591,
      98.32871968242375,
      98.16569092858069,
      98.29455903313583,
      98.56242564169013
    ],
    "losses": [
      0.24904577678786108,
      0.11046989039775867,
      0.0829693435374292,
      0.06858987528788295,
      0.062413840175436025,
      0.062219243417646515,
      0.053878156109518016,
      0.050249315593349185,
      0.04767310909642031,
      0.04905206101480195,
      0.04646152303392237,
      0.04415311727362567,
      0.04371941679255393,
      0.0422905262846926,
      0.04100627086129079,
      0.04322381692841349,
      0.039110690820913924,
      0.03989760553637855,
      0.03991016413909144,
      0.038763837571518224
    ],
    "energy_stats": {
      "training_energy": [
        96.29225174227653,
        90.73734265136726,
        92.93006992409491,
        92.49152446954973,
        96.73079719682106,
        97.75406992409279,
        92.49152446954947,
        95.99988810591348,
        93.80716083318451,
        95.85370628773164,
        92.49152446954996,
        91.90679719682247,
        97.16934265136692,
        97.60788810591067,
        92.05297901500452,
        92.19916083318434,
        94.97661537863884,
        95.56134265136812,
        97.60788810591214,
        91.76061537864115
      ],
      "communication_energy": [
        0.003609008787861967,
        0.003609008787861967,
        0.003609008787861967,
        0.003609008787861967,
        0.003609008787861967,
        0.003609008787861967,
        0.003609008787861967,
        0.003609008787861967,
        0.003609008787861967,
        0.003609008787861967,
        0.003609008787861967,
        0.003609008787861967,
        0.003609008787861967,
        0.003609008787861967,
        0.003609008787861967,
        0.003609008787861967,
        0.003609008787861967,
        0.003609008787861967,
        0.003609008787861967,
        0.003609008787861967
      ],
      "total_energy": [
        96.2958607510644,
        90.74095166015512,
        92.93367893288277,
        92.49513347833759,
        96.73440620560892,
        97.75767893288065,
        92.49513347833734,
        96.00349711470135,
        93.81076984197237,
        95.8573152965195,
        92.49513347833782,
        91.91040620561033,
        97.17295166015478,
        97.61149711469854,
        92.05658802379239,
        92.2027698419722,
        94.9802243874267,
        95.56495166015598,
        97.6114971147,
        91.76422438742901
      ]
    },
    "satellite_stats": {
      "training_satellites": [
        24,
        24,
        24,
        24,
        24,
        24,
        24,
        24,
        24,
        24,
        24,
        24,
        24,
        24,
        24,
        24,
        24,
        24,
        24,
        24
      ],
      "receiving_satellites": [
        24,
        24,
        24,
        24,
        24,
        24,
        24,
        24,
        24,
        24,
        24,
        24,
        24,
        24,
        24,
        24,
        24,
        24,
        24,
        24
      ],
      "total_active": [
        24,
        24,
        24,
        24,
        24,
        24,
        24,
        24,
        24,
        24,
        24,
        24,
        24,
        24,
        24,
        24,
        24,
        24,
        24,
        24
      ]
    },