{
  "satfl": {
    "accuracies": [
      99.49018175821328,
      99.6225837230396,
      99.58300448800254,
      99.62093458824639,
      98.97565170273167,
      99.0842590083988,
      99.07530656237853,
      99.4473042535898,
      99.26024524990282,
      99.47793104260657,
      99.70268455585266,
      99.6593358698597,
      99.52599154229442,
      99.68077462217144,
      99.70362691859164,
      99.69962187695099,
      99.66875949724948,
      99.69396770051712,
      99.69326092846289,
      99.70810314160178
    ],
    "losses": [
      0.027453855551050118,
      0.0227431449157449,
      0.018800855686227882,
      0.02180402376706514,
      0.020435443340746155,
      0.01995650572265683,
      0.019202967346827235,
      0.018798044074821666,
      0.01822120327283615,
      0.017512659721866993,
      0.018817819826506373,
      0.01820755344755624,
      0.01752419953669342,
      0.017883145230497468,
      0.017123989795479515,
      0.017724119015104248,
      0.017858227630117202,
      0.016767482385435774,
      0.017024953506590654,
      0.01702759624306308
    ],
    "energy_stats": {
      "training_energy": [
        131.66648072849702,
        131.79284436486122,
        150.10672325133729,
        137.66433811395783,
        133.15689431312,
        148.08334333836092,
        146.28043424744698,
        141.6427978838133,
        152.36431313392987,
        134.10134333836038,
        135.32178539380277,
        152.46214903016087,
        138.35020973482963,
        133.80960357562108,
        148.32760357562128,
        147.51155187606446,
        141.5628603279812,
        152.7467392144602,
        136.6101330552536,
        133.91649669161802
      ],
      "communication_energy": [
        0.003609008787861967,
        0.003609008787861967,
        0.003609008787861967,
        0.003609008787861967,
        0.003609008787861967,
        0.003609008787861967,
        0.003609008787861967,
        0.003609008787861967,
        0.003609008787861967,
        0.003609008787861967,
        0.003609008787861967,
        0.003609008787861967,
        0.003609008787861967,
        0.003609008787861967,
        0.003609008787861967,
        0.003609008787861967,
        0.003609008787861967,
        0.003609008787861967,
        0.003609008787861967,
        0.003609008787861967
      ],
      "total_energy": [
        131.67008973728488,
        131.7964533736491,
        150.11033226012515,
        137.6679471227457,
        133.16050332190787,
        148.08695234714878,
        146.28404325623484,
        141.64640689260116,
        152.36792214271773,
        134.10495234714824,
        135.32539440259063,
        152.46575803894874,
        138.3538187436175,
        133.81321258440894,
        148.33121258440914,
        147.51516088485232,
        141.56646933676907,
        152.75034822324807,
        136.61374206404147,
        133.92010570040588
      ]
    },
    "satellite_stats": {
      "training_satellites": [
        24,
        24,
        24,
        24,
        24,
        24,
        24,
        24,
        24,
        24,
        24,
        24,
        24,
        24,
        24,
        24,
        24,
        24,
        24,
        24
      ],
      "receiving_satellites": [
        24,
        24,
        24,
        24,
        24,
        24,
        24,
        24,
        24,
        24,
        24,
        24,
        24,
        24,
        24,
        24,
        24,
        24,
        24,
        24
      ],
      "total_active": [
        24,
        24,
        24,
        24,
        24,
        24,
        24,
        24,
        24,
        24,
        24,
        24,
        24,
        24,
        24,
        24,
        24,
        24,
        24,
        24
      ]
    },
    "num_synthetic_samples": 1000
  },
  "fedprox": {
    "accuracies": [
      96.54294229206177,
      97.92868669972789,
      98.13647768367238,
      98.40387311085719,
      98.64700269751334,
      98.35322111363716,
      98.42884572344009,
      98.83995146831894,
      98.49151284558208,
      98.8418361937969,
      99.04208827582957,
      98.74642196647545,
      98.8185127160072,
      98.8934305537559,
      99.19451544885915,
      99.12360265275112,
      99.04915599637191,
      99.10357744454784,
      98.99002273450108,
      99.05056954048037
    ],
    "losses": [
      0.24259522846419257,
      0.10895640194314182,
      0.08267350847858847,
      0.0686500181405373,
      0.061593937468500594,
      0.05795259812451271,
      0.05790511732500914,
      0.053167221434234684,
      0.054765185698945014,
      0.04903577045244728,
      0.05097016139995298,
      0.0450103209249339,
      0.04375462084361167,
      0.04419209759017644,
      0.042294204043478036,
      0.044876291102751154,
      0.049685007290287186,
      0.04538140847023627,
      0.045806650704186214,
      0.04635456245594071
    ],
    "energy_stats": {
      "training_energy": [
        140.69266284248894,
        140.1430868877054,
        140.61411650050826,
        133.56902647885633,
        143.32217779679465,
        139.79969304691863,
        146.35775286414355,
        142.5286619550519,
        144.8686619550516,
        140.35581416043254,
        141.03957104596097,
        133.56902647885633,
        141.62035961497648,
        140.46266284249123,
        135.73084466067408,
        141.8904801368704,
        143.16684377323344,
        140.35581416043254,
        138.91229831868893,
        142.1032074095967
      ],
      "communication_energy": [
        0.003609008787861967,
        0.003609008787861967,
        0.003609008787861967,
        0.003609008787861967,
        0.003609008787861967,
        0.003609008787861967,
        0.003609008787861967,
        0.003609008787861967,
        0.003609008787861967,
        0.003609008787861967,
        0.003609008787861967,
        0.003609008787861967,
        0.003609008787861967,
        0.003609008787861967,
        0.003609008787861967,
        0.003609008787861967,
        0.003609008787861967,
        0.003609008787861967,
        0.003609008787861967,
        0.003609008787861967
      ],
      "total_energy": [
        140.6962718512768,
        140.14669589649327,
        140.61772550929612,
        133.5726354876442,
        143.3257868055825,
        139.8033020557065,
        146.3613618729314,
        142.53227096383975,
        144.87227096383947,
        140.3594231692204,
        141.04318005474883,
        133.5726354876442,
        141.62396862376434,
        140.4662718512791,
        135.73445366946194,
        141.89408914565826,
        143.1704527820213,
        140.3594231692204,
        138.9159073274768,
        142.10681641838457
      ]
    },
    "satellite_stats": {
      "training_satellites": [
        24,
        24,
        24,
        24,
        24,
        24,
        24,
        24,
        24,
        24,
        24,
        24,
        24,
        24,
        24,
        24,
        24,
        24,
        24,
        24
      ],
      "receiving_satellites": [
        24,
        24,
        24,
        24,
        24,
        24,
        24,
        24,
        24,
        24,
        24,
        24,
        24,
        24,
        24,
        24,
        24,
        24,
        24,
        24
      ],
      "total_active": [
        24,
        24,
        24,
        24,
        24,
        24,
        24,
        24,
        24,
        24,
        24,
        24,
        24,
        24,
        24,
        24,
        24,
        24,
        24,
        24
      ]
    },