{
  "satfl": {
    "accuracies": [
      99.60797710058544,
      99.71752676899155,
      99.70645400680857,
      99.75569245992014,
      99.77878034702508,
      99.69043384024596,
      99.75569245992014,
      99.73519607034738,
      99.72765716843556,
      99.75239419033372,
      99.74155701883548,
      99.72812834980505,
      99.74532646979138,
      99.74532646979138,
      99.73755197719483,
      99.74132142815073,
      99.7465044232151,
      99.72270976405594,
      99.69703037941879,
      99.73660961445584
    ],
    "losses": [
      0.027660053087533765,
      0.022943580308076555,
      0.018994616628775666,
      0.020496029028136558,
      0.01888265389450233,
      0.019705468083841788,
      0.018288855669699337,
      0.01807424724621834,
      0.01706211121484772,
      0.01729990506472513,
      0.016774505110971526,
      0.016054600430221454,
      0.0156443305068371,
      0.015555994419555977,
      0.015766501574232955,
      0.015687012587059127,
      0.015637118693437712,
      0.015765720460066426,
      0.014803883171227524,
      0.015503861248853675
    ],
    "energy_stats": {
      "training_energy": [
        136.4328443648625,
        142.0501170921309,
        142.8664807284938,
        148.9447801694017,
        155.77296198758077,
        134.19712202072344,
        144.53308629608182,
        141.38645545265817,
        153.20681908901884,
        138.27384929345223,
        146.07339503790834,
        146.7057586742765,
        148.41872846985063,
        155.90218301530186,
        134.11157685609513,
        154.94396721197853,
        145.87051266652804,
        142.67372498495013,
        138.08130064392375,
        144.91578539379984
      ],
      "communication_energy": [
        0.003609008787861967,
        0.003609008787861967,
        0.003609008787861967,
        0.003609008787861967,
        0.003609008787861967,
        0.003609008787861967,
        0.003609008787861967,
        0.003609008787861967,
        0.003609008787861967,
        0.003609008787861967,
        0.003609008787861967,
        0.003609008787861967,
        0.003609008787861967,
        0.003609008787861967,
        0.003609008787861967,
        0.003609008787861967,
        0.003609008787861967,
        0.003609008787861967,
        0.003609008787861967,
        0.003609008787861967
      ],
      "total_energy": [
        136.43645337365035,
        142.05372610091877,
        142.87008973728166,
        148.94838917818956,
        155.77657099636863,
        134.2007310295113,
        144.53669530486968,
        141.39006446144603,
        153.2104280978067,
        138.2774583022401,
        146.0770040466962,
        146.70936768306436,
        148.4223374786385,
        155.90579202408972,
        134.115185864883,
        154.9475762207664,
        145.8741216753159,
        142.677333993738,
        138.08490965271162,
        144.9193944025877
      ]
    },
    "satellite_stats": {
      "training_satellites": [
        24,
        24,
        24,
        24,
        24,
        24,
        24,
        24,
        24,
        24,
        24,
        24,
        24,
        24,
        24,
        24,
        24,
        24,
        24,
        24
      ],
      "receiving_satellites": [
        24,
        24,
        24,
        24,
        24,
        24,
        24,
        24,
        24,
        24,
        24,
        24,
        24,
        24,
        24,
        24,
        24,
        24,
        24,
        24
      ],
      "total_active": [
        24,
        24,
        24,
        24,
        24,
        24,
        24,
        24,
        24,
        24,
        24,
        24,
        24,
        24,
        24,
        24,
        24,
        24,
        24,
        24
      ]
    },
    "num_synthetic_samples": 1000
  },
  "fedprox": {
    "accuracies": [
      93.62609402424228,
      96.29839916129717,
      97.0171863404521,
      97.20448093482383,
      97.75128691411541,
      98.1487283992791,
      98.42743217933163,
      98.03517368923232,
      98.18618731815344,
      97.99583004488002,
      98.35675497390834,
      98.50635505872098,
      98.59917778851025,
      98.92499970551164,
      98.88565606115934,
      98.98036351642656,
      99.16883606422202,
      99.18226473325245,
      99.12690092233753,
      99.07130152073788
    ],
    "losses": [
      0.2796452066294631,
      0.1327410163550599,
      0.10022688533287082,
      0.08445024450456022,
      0.07639901030967243,
      0.07197614511986068,
      0.06546565190191383,
      0.062420376859888875,
      0.060224616225626866,
      0.056808063887135836,
      0.057460524911766044,
      0.0515542016872954,
      0.05827104118438079,
      0.05011070373686993,
      0.05064023761270644,
      0.05035189384584864,
      0.0540556308230623,
      0.04685323914709694,
      0.04847440059430124,
      0.0469028348342064
    ],
    "energy_stats": {
      "training_energy": [
        144.27448102430762,
        144.23242031964372,
        133.10902647885592,
        139.4681173879427,
        138.90448102430724,
        140.73696577419003,
        143.73242031964284,
        139.562177796796,
        139.92060213782716,
        144.86308688770532,
        133.5615112287368,
        139.46811738794267,
        139.54266284248868,
        138.9833294105552,
        144.62539011521665,
        137.86035961497797,
        140.34605668328086,
        144.2346625466764,
        133.34878395600944,
        144.65593468232683
      ],
      "communication_energy": [
        0.003609008787861967,
        0.003609008787861967,
        0.003609008787861967,
        0.003609008787861967,
        0.003609008787861967,
        0.003609008787861967,
        0.003609008787861967,
        0.003609008787861967,
        0.003609008787861967,
        0.003609008787861967,
        0.003609008787861967,
        0.003609008787861967,
        0.003609008787861967,
        0.003609008787861967,
        0.003609008787861967,
        0.003609008787861967,
        0.003609008787861967,
        0.003609008787861967,
        0.003609008787861967,
        0.003609008787861967
      ],
      "total_energy": [
        144.27809003309548,
        144.23602932843158,
        133.1126354876438,
        139.47172639673056,
        138.9080900330951,
        140.7405747829779,
        143.7360293284307,
        139.56578680558385,
        139.92421114661502,
        144.86669589649318,
        133.56512023752467,
        139.47172639673053,
        139.54627185127654,
        138.98693841934306,
        144.6289991240045,
        137.86396862376583,
        140.34966569206873,
        144.23827155546425,
        133.3523929647973,
        144.6595436911147
      ]
    },
    "satellite_stats": {
      "training_satellites": [
        24,
        24,
        24,
        24,
        24,
        24,
        24,
        24,
        24,
        24,
        24,
        24,
        24,
        24,
        24,
        24,
        24,
        24,
        24,
        24
      ],
      "receiving_satellites": [
        24,
        24,
        24,
        24,
        24,
        24,
        24,
        24,
        24,
        24,
        24,
        24,
        24,
        24,
        24,
        24,
        24,
        24,
        24,
        24
      ],
      "total_active": [
        24,
        24,
        24,
        24,
        24,
        24,
        24,
        24,
        24,
        24,
        24,
        24,
        24,
        24,
        24,
        24,
        24,
        24,
        24,
        24
      ]
    },