{
  "satfl": {
    "accuracies": [
      99.54648793186718,
      99.56934022828737,
      99.66051382328342,
      99.66263413944613,
      99.75050946485575,
      99.71234377392717,
      99.6868999799748,
      99.75828395745232,
      99.73731638651007,
      99.53188130941302,
      99.73331134486942,
      99.73920111198804,
      99.66711036245627,
      99.74768237663882,
      99.74721119526934,
      99.75734159471334,
      99.7486247393778,
      99.72765716843556,
      94.57623125581614,
      99.71399290872039
    ],
    "losses": [
      0.027310074232318442,
      0.022124122605958512,
      0.01968289542737451,
      0.018537951853774937,
      0.017053318187277376,
      0.017433785633919636,
      0.01641711710352735,
      0.01613608944088685,
      0.01625667792021444,
      0.01568720413961895,
      0.016494750371220997,
      0.0160898954658357,
      0.01548720477880891,
      0.015460443842460122,
      0.01543309721884331,
      0.016557541081867227,
      0.01573622433778587,
      0.016017798908619575,
      0.015861004087822685,
      0.01617080848050111
    ],
    "energy_stats": {
      "training_energy": [
        143.83829891031152,
        143.20011709212906,
        126.89035961498311,
        130.20751644724413,
        132.81414729066452,
        144.76033084834717,
        149.5265126665248,
        150.70133636855542,
        132.583807178847,
        146.74291202752943,
        147.07700642151914,
        129.586518476664,
        131.09015484029953,
        133.6992239643456,
        144.87973369425006,
        149.64973369424587,
        152.55997621709096,
        132.67724894437217,
        146.6424609669737,
        147.9460973306098
      ],
      "communication_energy": [
        0.003609008787861967,
        0.003609008787861967,
        0.003609008787861967,
        0.003609008787861967,
        0.003609008787861967,
        0.003609008787861967,
        0.003609008787861967,
        0.003609008787861967,
        0.003609008787861967,
        0.003609008787861967,
        0.003609008787861967,
        0.003609008787861967,
        0.003609008787861967,
        0.003609008787861967,
        0.003609008787861967,
        0.003609008787861967,
        0.003609008787861967,
        0.003609008787861967,
        0.003609008787861967,
        0.003609008787861967
      ],
      "total_energy": [
        143.84190791909938,
        143.20372610091692,
        126.89396862377097,
        130.211125456032,
        132.81775629945238,
        144.76393985713503,
        149.53012167531267,
        150.70494537734328,
        132.58741618763486,
        146.7465210363173,
        147.080615430307,
        129.59012748545186,
        131.0937638490874,
        133.70283297313347,
        144.88334270303793,
        149.65334270303373,
        152.56358522587882,
        132.68085795316003,
        146.64606997576155,
        147.94970633939766
      ]
    },
    "satellite_stats": {
      "training_satellites": [
        24,
        24,
        24,
        24,
        24,
        24,
        24,
        24,
        24,
        24,
        24,
        24,
        24,
        24,
        24,
        24,
        24,
        24,
        24,
        24
      ],
      "receiving_satellites": [
        24,
        24,
        24,
        24,
        24,
        24,
        24,
        24,
        24,
        24,
        24,
        24,
        24,
        24,
        24,
        24,
        24,
        24,
        24,
        24
      ],
      "total_active": [
        24,
        24,
        24,
        24,
        24,
        24,
        24,
        24,
        24,
        24,
        24,
        24,
        24,
        24,
        24,
        24,
        24,
        24,
        24,
        24
      ]
    },
    "num_synthetic_samples": 1000
  },
  "fedprox": {
    "accuracies": [
      94.56209581473149,
      97.54702979044208,
      97.90983944494835,
      97.77178330368817,
      98.20220748471606,
      98.422484774952,
      98.75890827276689,
      98.49410434311427,
      98.76998103494988,
      98.92311498003369,
      98.67315326351996,
      98.5819796685239,
      98.5346259408903,
      98.69977501089608,
      98.4495777036976,
      98.57326281318836,
      98.66985499393354,
      98.66985499393354,
      99.09391822647332,
      99.24139799512328,
      99.11535697878506,
      99.1405651820527,
      99.29228558302805,
      99.15682093930006,
      99.10758248618849
    ],
    "losses": [
      0.22280335846187013,
      0.10397077499239167,
      0.07781220844236308,
      0.06489539720221145,
      0.05931784525237612,
      0.05541306333391243,
      0.0560121635810718,
      0.055174692958243926,
      0.05038095755345317,
      0.04975540331118817,
      0.05026131600457084,
      0.04620221709582751,
      0.043639319361350404,
      0.04501023506821868,
      0.04172989307564617,
      0.04898607569750512,
      0.04897053164638393,
      0.05273563229383599,
      0.04703613014998164,
      0.04202688179772294,
      0.03726629326994841,
      0.036457528529389376,
      0.03848514293423955,
      0.03917722178322217,
      0.037852569110536145
    ],
    "energy_stats": {
      "training_energy": [
        136.06993556976505,
        139.97593468232517,
        143.80502559141493,
        141.031753751582,
        134.81084466067517,
        135.73084466067405,
        141.8904801368704,
        141.67775286414195,
        141.51332941055023,
        137.8486619550531,
        144.443207409595,
        140.48969304691428,
        134.3853901152201,
        136.36902647885626,
        142.35993556976254,
        141.25229831868808,
        141.938783956004,
        137.8486619550531,
        144.65593468232274,
        141.76605668327846,
        134.82060213782793,
        136.36902647885626,
        142.99811738794378,
        136.16605668328188,
        142.36423850145806
      ],
      "communication_energy": [
        0.003609008787861967,
        0.003609008787861967,
        0.003609008787861967,
        0.003609008787861967,
        0.003609008787861967,
        0.003609008787861967,
        0.003609008787861967,
        0.003609008787861967,
        0.003609008787861967,
        0.003609008787861967,
        0.003609008787861967,
        0.003609008787861967,
        0.003609008787861967,
        0.003609008787861967,
        0.003609008787861967,
        0.003609008787861967,
        0.003609008787861967,
        0.003609008787861967,
        0.003609008787861967,
        0.003609008787861967,
        0.003609008787861967,
        0.003609008787861967,
        0.003609008787861967,
        0.003609008787861967,
        0.003609008787861967
      ],
      "total_energy": [
        136.0735445785529,
        139.97954369111304,
        143.8086346002028,
        141.03536276036985,
        134.81445366946303,
        135.7344536694619,
        141.89408914565826,
        141.6813618729298,
        141.5169384193381,
        137.85227096384097,
        144.44681641838287,
        140.49330205570215,
        134.38899912400797,
        136.37263548764412,
        142.3635445785504,
        141.25590732747594,
        141.94239296479185,
        137.85227096384097,
        144.6595436911106,
        141.76966569206633,
        134.8242111466158,
        136.37263548764412,
        143.00172639673164,
        136.16966569206974,
        142.36784751024592
      ]
    },
    "satellite_stats": {
      "training_satellites": [
        24,
        24,
        24,
        24,
        24,
        24,
        24,
        24,
        24,
        24,
        24,
        24,
        24,
        24,
        24,
        24,
        24,
        24,
        24,
        24,
        24,
        24,
        24,
        24,
        24
      ],